0001,PzyJ7BpnscZX0001,Complimentary
0002,oK6IqlPmVjzp0002,Complimentary
0003,0wRSaZhULyj10003,Complimentary
0004,VfJSS4bOaB0F0004,Complimentary
0005,45YyuWfkeRhQ0005,Complimentary
0006,wbLJUeLH6gvb0006,Complimentary
0007,roVBejBGLzZl0007,Complimentary
0008,MXOBXD5AbCqy0008,Complimentary
0009,vxdgyf9WeSY90009,Complimentary
0010,nTQ2Znp36ilL0010,Complimentary
0011,y6kCIb7lwwWX0011,Complimentary
0012,DPStbMZwbDhi0012,Complimentary
0013,mphP3odHeUOt0013,Complimentary
0014,eLUkdwJp6jc50014,Complimentary
0015,pypvNkbXwxMH0015,Complimentary
0016,LhhvFFVRCBdU0016,Complimentary
0017,t7wQhgZmFRKf0017,Complimentary
0018,ldjmHoFJhgYr0018,Complimentary
0019,gqtdRt5JxzC10019,Complimentary
0020,CZldJOzCCCTE0020,Complimentary
0021,kz19lp3YFSBP0021,Complimentary
0022,cVoUMxj5hhOb0022,Complimentary
0023,o78f5m1oXw9n0023,Complimentary
0024,3RqLOXTyCDKx0024,Complimentary
0025,br5rpyXKFT190025,Complimentary
0026,TNsCQ6DrhjFK0026,Complimentary
0027,fzDN9vVaYxzX0027,Complimentary
0028,uJu3SgxkCEAh0028,Complimentary
0029,j8KtTrTpqRxv0029,Complimentary
0030,be7E4z9MIgB70030,Complimentary
0031,WsH5E4zMYyqG0031,Complimentary
0032,1a956YtFnC6U0032,Complimentary
0033,a0PbY0xbqSof0033,Complimentary
0034,SWCw88d8Ih2q0034,Complimentary
0035,d9W7swvr9vm30035,Complimentary
0036,sTEnAhN1nDxD0036,Complimentary
0037,RsTJc9RNqTeO0037,Complimentary
0038,JPGfDH7uIjsa0038,Complimentary
0039,U1bpw5Pd9xcm0039,Complimentary
0040,jLIWFrrnnEnx0040,Complimentary
0041,YAiLG1NsRQaB0041,Complimentary
0042,QgVgr93PtgoM0042,Complimentary
0043,LtfY0EtO9yTW0043,Complimentary
0044,rcXYtjnIOBjj0044,Complimentary
0045,P2n3KBreRSRu0045,Complimentary
0046,HYZPvIXBthf60046,Complimentary
0047,0zFCoZjLvnbO0047,Complimentary
0048,EIxt6LBWa4mZ0048,Complimentary
0049,niCPYmFsdLTk0049,Complimentary
0050,fFzk9uvP5ahv0050,Complimentary
0051,rrKvsiD7voR80051,Complimentary
0052,5B1bBUfIa6cI0052,Complimentary
0053,u0RQCeBNEIPW0053,Complimentary
0054,mWEmnmrufXdi0054,Complimentary
0055,ijOdwrhtvpHs0055,Complimentary
0056,DSGdpMbnB3Y50056,Complimentary
0057,lsW9Gof9EJGG0057,Complimentary
0058,dOJUrwLggYTS0058,Complimentary
0059,p0dfakdOWnEe0059,Complimentary
0060,4KLLtV5ZB4Po0060,Complimentary
0061,ckarLx9vEK6z0061,Complimentary
0062,UGNCv5pSgaKB0062,Complimentary
0063,gtiNft7AWo4O0063,Complimentary
0064,vCP3xeZLB5FY0064,Complimentary
0065,TcfZP6dhEMwj0065,Complimentary
0066,L8Sv0EJEgbAv0066,Complimentary
0067,Xlm5j2bwWpv70067,Complimentary
0068,2Te5bXVqm2BK0068,Complimentary
0069,btub3yZBpJtV0069,Complimentary
0070,TQhwe6FjHY7h0070,Complimentary
0071,OdrnnB5iXqlr0071,Complimentary
0072,tMjnggzcm4240072,Complimentary
0073,SmyJ773xpKjF0073,Complimentary
0074,KIlfiFjVHZxR0074,Complimentary
0075,Vu6pR31D7ohd0075,Complimentary
0076,kEnWkpTOm5so0076,Complimentary
0077,Je22CGXjpLaz0077,Complimentary
0078,BApNmODGHbnA0078,Complimentary
0079,MmAXWDVz8pYN0079,Complimentary
0080,sV2XOhPsN2oa0080,Complimentary
0081,QvI3q9TEQIWl0081,Complimentary
0082,IR4PQH9lsYkx0082,Complimentary
0083,DeEGaMzl8qO60083,Complimentary
0084,jN7GTqteN3fK0084,Complimentary
0085,HnMmuIx0QKMV0085,Complimentary
0086,9J97VQdXsZag0086,Complimentary
0087,LwTIEEvGjnKt0087,Complimentary
0088,aFByXzNQN5V30088,Complimentary
0089,8fQUzRRmQLDE0089,Complimentary
0090,0BDpZZ7JsaRQ0090,Complimentary
0091,CoY0JNP2jpBd0091,Complimentary
0092,R7Ggb8rCN6Mn0092,Complimentary
0093,FxfWdJNH1I910093,Complimentary
0094,8TSrDR3oTYND0094,Complimentary
0095,3gciNWtojq1M0095,Complimentary
0096,YPViF1nhy3IZ0096,Complimentary
0097,6pkEhSr31Kzk0097,Complimentary
0098,zLXZHaXaTZDw0098,Complimentary
0099,Axrk1PpJKnx90099,Complimentary
0100,PHZQKAHTy48J0100,Complimentary
0101,xhowlcLp2LqU0101,3 For 1
0102,qDbIMj1MTa4g0102,3 For 1
0103,1pwS5YJ4Koos0103,3 For 1
0104,G9d9OJlFz6z30104,3 For 1
0105,5y3yPUHKcImG0105,3 For 1
0106,xUqJ0cxr4X0S0106,3 For 1
0107,si0AAhnqKqec0107,3 For 1
0108,NQtA2BhkZ3vp0108,3 For 1
0109,wq8gUdl6dJc00109,3 For 1
0110,oMv24lRd4ZqC0110,3 For 1
0111,0zFCoZjLvnbO0111,3 For 1
0112,EIxt6LBWa4mZ0112,3 For 1
0113,niCPYmFsdLTk0113,3 For 1
0114,fFzk9uvP5ahv0114,3 For 1
0115,rrKvsiD7voR80115,3 For 1
0116,5B1bBUfIa6cI0116,3 For 1
0117,u0RQCeBNEIPW0117,3 For 1
0118,mWEmnmrufXdi0118,3 For 1
0119,ijOdwrhtvpHs0119,3 For 1
0120,DSGdpMbnB3Y50120,3 For 1
0121,lsW9Gof9EJGG0121,3 For 1
0122,dOJUrwLggYTS0122,3 For 1
0123,p0dfakdOWnEe0123,3 For 1
0124,4KLLtV5ZB4Po0124,3 For 1
0125,ckarLx9vEK6z0125,3 For 1
0126,15ip5XjurRVH0126,3 For 1
0127,Dh30oL1cifGT0127,3 For 1
0128,S1lg77TnMxRe0128,3 For 1
0129,0Q0CYYX8PD8p0129,3 For 1
0130,sxnX9gDgrTM00130,3 For 1
0131,4Z7isUVOih6D0131,3 For 1
0132,ZI0ilzPIxuNQ0132,3 For 1
0133,8iFECRTd0A4b0133,3 For 1
0134,0E2ZnZ9BSQIn0134,3 For 1
0135,vRCQxezAiixx0135,3 For 1
0136,QA4Qp8t3xvDA0136,3 For 1
0137,WROnSiQIN3UD0137,3 For 1
0138,OxB93q6ppIiP0138,3 For 1
0139,ZaVJmeOYfWSc0139,3 For 1
0140,otD05QqiKodm0140,3 For 1
0141,NJSWXru4N4Kx0141,3 For 1
0142,FpFr7zabpJY90142,3 For 1
0143,QSa2rosKfYIL0143,3 For 1
0144,CadLJ1EwVhfb0144,3 For 1
0145,k0srkTIIYxMm0145,3 For 1
0146,dWfCLbyp0Cay0146,3 For 1
0147,Yjp3VgooGVF80147,3 For 1
0148,3Sh3NAiiViVL0148,3 For 1
0149,bswZpcm4ZyDW0149,3 For 1
0150,UOjvPkSb1ERi0150,3 For 1
0151,f0459YkJrSBu0151,3 For 1
0152,uKmmRKCUWjM50152,3 For 1
0153,Sk1ItlGqZ03G0153,3 For 1
0154,LGodUtwN1FHR0154,3 For 1
0155,Wt8nDhE5rT1e0155,3 For 1
0156,lCqUWTgGWlCo0156,3 For 1
0157,a1GJXeCLAxz20157,3 For 1
0158,SX3f8lsscCDE0158,3 For 1
0159,NlDWHqirrVsN0159,3 For 1
0160,sT5WALcl7i9b0160,3 For 1
0161,RtK2bng7Ayqm0161,3 For 1
0162,JP7NCvMecD4x0162,3 For 1
0163,V2SXvjeMSSoA0163,3 For 1
0164,jM9EEU6X7jzK0164,3 For 1
0165,IlPkgwAtAzgV0165,3 For 1
0166,AIC5G4qQcFuh0166,3 For 1
0167,MuWG0s88STeu0167,3 For 1
0168,aEEwJdaJ7kp40168,3 For 1
0169,P3emKo6OlxdI0169,3 For 1
0170,YybQUfEen8wW0170,3 For 1
0171,TBlIek4d3Qbg0171,3 For 1
0172,yueIWFyXIdrt0172,3 For 1
0173,XKtnyg2sMuZ40173,3 For 1
0174,Pqg9YoiQn9nG0174,3 For 1
0175,aT0JId08eNXT0175,3 For 1
0176,pmi0bOSJJfid0176,3 For 1
0177,OCxW2qWeMvPo0177,3 For 1
0178,GikrdyCCoAd00178,3 For 1
0179,RL52MmUuePNC0179,3 For 1
0180,gemifXw5JgYM0180,3 For 1
0181,VUCXgiS9xsMa0181,3 For 1
0182,N0ztHq8gO7Zm0182,3 For 1
0183,ID9kRvygeQEw0183,3 For 1
0184,ow1kJPsZudV90184,3 For 1
0185,MMHGlrwvxtCK0185,3 For 1
0186,Es4bLzcSP9QW0186,3 For 1
0187,QUOm5nuBFNAi0187,3 For 1
0188,fo6SNZMLueLt0188,3 For 1
0189,DELyp0Qhxv240189,3 For 1
0190,5k8JP86EPAGF0190,3 For 1
0191,HMTU9wOxFO0S0191,3 For 1
0192,WgAASiq7ugBc0192,3 For 1
0193,46Qgt9uTxwtn0193,3 For 1
0194,wcD2UHa0PB7z0194,3 For 1
0195,8FXCD5sjGQrB0195,3 For 1
0196,dxPC6amcVd8P0196,3 For 1
0197,CNfiX2qyYtpa0197,3 For 1
0198,4tS38AWV083l0198,3 For 1
0199,z7cuIFMVGRhv0199,3 For 1
0200,UpUuAjGOVey80200,3 For 1
0201,3FjQcBKkYufJ0201,3 For 1
0202,vmWmCJ0H0AtV0202,3 For 1
0203,6Orww7IzqOeh0203,3 For 1
0204,LiYdEskAVfps0204,3 For 1
0205,u7o9gKoWYwW30205,3 For 1
0206,meaUHSU30BkF0206,3 For 1
0207,xGvf0GmlrPUR0207,3 For 1
0208,Tznfslgf6dle0208,3 For 1
0209,1P3AKCk19tSp0209,3 For 1
0210,tvqWvKQYb8g10210,3 For 1
0211,o8zN4PGXrRKB0211,3 For 1
0212,KrsNxuAR6ebO0212,3 For 1
0213,sH7tOLEn9uJZ0213,3 For 1
0214,knuEzTuKb9Wl0214,3 For 1
0215,wQFPiIC2SOHx0215,3 For 1
0216,Ajw513eD6fS70216,3 For 1
0217,j9BbTUiZ9w9I0217,3 For 1
0218,bfyw3cO6bBNU0218,3 For 1
0219,nIJ7nRgoSP7h0219,3 For 1
0220,1b1n5C8z6gIr0220,3 For 1
0221,qQRd7Ne4kt550221,3 For 1
0222,ixDyhVKbC8JH0222,3 For 1
0223,eANpraAaSQyQ0223,3 For 1
0224,9tGpj44UheEe0224,3 For 1
0225,hJVLBW8qkuwp0225,3 For 1
0226,ZpIgmeoNC9A00226,3 For 1
0227,lRcrVS653NuD0227,3 For 1
0228,0lKXoDYGhf5N0228,3 For 1
0229,YBZ3FfcclvmY0229,3 For 1
0230,QhMPqnI9CB0k0230,3 For 1
0231,cJhZZbar3Pkw0231,3 For 1
0232,rdPGsM22igv70232,3 For 1
0233,gSo5tXY7LsiL0233,3 For 1
0234,YybQUfEen8wW0234,3 For 1
0235,TBlIek4d3Qbg0235,3 For 1
0236,yueIWFyXIdrt0236,3 For 1
0237,XKtnyg2sMuZ40237,3 For 1
0238,Pqg9YoiQn9nG0238,3 For 1
0239,aT0JId08eNXT0239,3 For 1
0240,pmi0bOSJJfid0240,3 For 1
0241,OCxW2qWeMvPo0241,3 For 1
0242,GikrdyCCoAd00242,3 For 1
0243,RL52MmUuePNC0243,3 For 1
0244,gemifXw5JgYM0244,3 For 1
0245,VUCXgiS9xsMa0245,3 For 1
0246,N0ztHq8gO7Zm0246,3 For 1
0247,ID9kRvygeQEw0247,3 For 1
0248,ow1kJPsZudV90248,3 For 1
0249,MMHGlrwvxtCK0249,3 For 1
0250,Es4bLzcSP9QW0250,3 For 1
0251,QUOm5nuBFNAi0251,3 For 1
0252,fo6SNZMLueLt0252,3 For 1
0253,DELyp0Qhxv240253,3 For 1
0254,5k8JP86EPAGF0254,3 For 1
0255,HMTU9wOxFO0S0255,3 For 1
0256,WgAASiq7ugBc0256,3 For 1
0257,46Qgt9uTxwtn0257,3 For 1
0258,wcD2UHa0PB7z0258,3 For 1
0259,8FXCD5sjGQrB0259,3 For 1
0260,dxPC6amcVd8P0260,3 For 1
0261,CNfiX2qyYtpa0261,3 For 1
0262,4tS38AWV083l0262,3 For 1
0263,z7cuIFMVGRhv0263,3 For 1
0264,UpUuAjGOVey80264,3 For 1
0265,3FjQcBKkYufJ0265,3 For 1
0266,vmWmCJ0H0AtV0266,3 For 1
0267,6Orww7IzqOeh0267,3 For 1
0268,LiYdEskAVfps0268,3 For 1
0269,u7o9gKoWYwW30269,3 For 1
0270,meaUHSU30BkF0270,3 For 1
0271,xGvf0GmlrPUR0271,3 For 1
0272,Tznfslgf6dle0272,3 For 1
0273,1P3AKCk19tSp0273,3 For 1
0274,tvqWvKQYb8g10274,3 For 1
0275,o8zN4PGXrRKB0275,3 For 1
0276,KrsNxuAR6ebO0276,3 For 1
0277,sH7tOLEn9uJZ0277,3 For 1
0278,knuEzTuKb9Wl0278,3 For 1
0279,wQFPiIC2SOHx0279,3 For 1
0280,Ajw513eD6fS70280,3 For 1
0281,j9BbTUiZ9w9I0281,3 For 1
0282,bfyw3cO6bBNU0282,3 For 1
0283,nIJ7nRgoSP7h0283,3 For 1
0284,1b1n5C8z6gIr0284,3 For 1
0285,qQRd7Ne4kt550285,3 For 1
0286,ixDyhVKbC8JH0286,3 For 1
0287,eANpraAaSQyQ0287,3 For 1
0288,9tGpj44UheEe0288,3 For 1
0289,hJVLBW8qkuwp0289,3 For 1
0290,ZpIgmeoNC9A00290,3 For 1
0291,lRcrVS653NuD0291,3 For 1
0292,0lKXoDYGhf5N0292,3 For 1
0293,YBZ3FfcclvmY0293,3 For 1
0294,QhMPqnI9CB0k0294,3 For 1
0295,cJhZZbar3Pkw0295,3 For 1
0296,rdPGsM22igv70296,3 For 1
0297,gSo5tXY7LsiL0297,3 For 1
0298,YybQUfEen8wW0298,3 For 1
0299,TBlIek4d3Qbg0299,3 For 1
0300,yueIWFyXIdrt0300,3 For 1
0301,XKtnyg2sMuZ40301,Admit One
0302,TTMOrjWJAsAS0302,Admit One
0303,e6hZaYo206ue0303,Admit One
0304,tPPGtJGCfO5o0304,Admit One
0305,SpelLlKYienz0305,Admit One
0306,KLR7vt05At0B0306,Admit One
0307,VylHfhIo18lO0307,Admit One
0308,kHTyxSkyfPwY0308,Admit One
0309,Z6tnzdG3Jbjm0309,Admit One
0310,Rcg8Zlwalrxy0310,Admit One
0311,Mqq0jqma19b70311,Admit One
0312,sZi0bKgTGMsK0312,Admit One
0313,QyxW3mkpJdZW0313,Admit One
0314,IVkreuQMlsnh0314,Admit One
0315,U751Nii5c6Xu0315,Admit One
0316,jRmigUAFGOi40316,Admit One
0317,Hr2E7vEbJeQF0317,Admit One
0318,9NpZi3u8ltdR0318,Admit One
0319,bOK31beZC3Ug0319,Admit One
0320,qi1kKM6krLfr0320,Admit One
0321,O8HGloA6ubM20321,Admit One
0322,Ge4bMvqdMqaD0322,Admit One
0323,SHOl5k8LD5KQ0323,Admit One
0324,xzHlyE2FSIbd0324,Admit One
0325,WPWHPg6bVYIo0325,Admit One
0326,OvJd0om8xnW00326,Admit One
0327,J9TUAtc7D6A90327,Admit One
0328,orLU2NW1SJRN0328,Admit One
0329,NHa0UpaNVZ9Y0329,Admit One
0330,FoNL4xGuxpMj0330,Admit One
0331,RQiWolYcn37w0331,Admit One
0332,fkPC6W0nSKI60332,Admit One
0333,E9fiYy49VbzH0333,Admit One
0334,6gS396kgxqDT0334,Admit One
0335,IImEsu2Oo4xg0335,Admit One
0336,n1eEkPwI3IEt0336,Admit One
0337,LRukCq0e6Yv40337,Admit One
0338,Dxh5nygBYn9G0338,Admit One
0339,9Arww3WAo6oP0339,Admit One
0340,etjwpYQ43J4c0340,Admit One
0341,CJySG0UQ6Zmn0341,Admit One
0342,4plnr8AxYo0z0342,Admit One
0343,GS6yawSfP3kC0343,Admit One
0344,Vlnethuq3KvM0344,Admit One
0345,3B3AL9yC6bcX0345,Admit One
0346,vhqWvHejYqqj0346,Admit One
0347,7KAgf5wRP4av0347,Admit One
0348,NXIfLtdjCMMO0348,Admit One
0349,CMiUN49oqZ9c0349,Admit One
0350,4tVpxCpLIoNo0350,Admit One
0351,z6fh7HfLY61x0351,Admit One
0352,UpXhzmZEnKIB0352,Admit One
0353,3FnDRDdaqa0M0353,Admit One
0354,vlaY1LJ7IpDX0354,Admit One
0355,6NuilAbq93yk0355,Admit One
0356,LhcP4v30nL9u0356,Admit One
0357,u7rvVM7Mrbq50357,Admit One
0358,mdeG6UntJr4H0358,Admit One
0359,xFzRpJ5b95oU0359,Admit One
0360,CZg784XmoMze0360,Admit One
0361,1O6x9F3rRYms0361,Admit One
0362,tutIkNjOto040362,Admit One
0363,o739uSZN96fD0363,Admit One
0364,Kqv9mwTHOJvQ0364,Admit One
0365,sGBfEOXdSadb0365,Admit One
0366,kmx0oWDAtpqn0366,Admit One
0367,wPIBYKVsk3b00367,Admit One
0368,Bi0rq5x3PLmA0368,Admit One
0369,j8FNIX1PSbTL0369,Admit One
0370,be2itfhwuqhX0370,Admit One
0371,nHMtcTzek5Rj0371,Admit One
0372,2a4avFRpPMct0372,Admit One
0373,rQUPwPxu3YP70373,Admit One
0374,jwHkXXdRUndJ0374,Admit One
0375,e9RbgcTQk6IT0375,Admit One
0376,9sJbZ7NK0JYg0376,Admit One
0377,hIY70ZRg3ZGr0377,Admit One
0378,aoLSbg7DVpU30378,Admit One
0379,lQgdKVPvL3EF0379,Admit One
0380,0kOKdGr60KPQ0380,Admit One
0381,YAdq5ivS3b6b0381,Admit One
0382,RgQBfqbzVqKm0382,Admit One
0383,cIkLPethL44z0383,Admit One
0384,rcS2iPLs0MF90384,Admit One
0385,gRsrjarxeY2N0385,Admit One
0386,YxfDJiXU6nGZ0386,Admit One
0387,kazN3WpCw11l0387,Admit One
0388,FJsNv1j6BFHz0388,Admit One
0389,ni7tNSnRFVzA0389,Admit One
0390,fFuExaTzgkDL0390,Admit One
0391,bS457fJyw3rV0391,Admit One
0392,6Bw5zADsBG8i0392,Admit One
0393,ebBbRbHDFWpt0393,Admit One
0394,W7yx2jxlhm350394,Admit One
0395,ijJ7lYFTX0nH0395,Admit One
0396,x31o4JheCHyS0396,Admit One
0397,VTGKVllzFYgd0397,Admit One
0398,Nz3f6tRWhntp0398,Admit One
0399,ZbNpphjFX1e10399,Admit One
0400,4KGpiBd8mEuE0400,Admit One
0401,dkVL9dhUqVcP0401,Admit One
0402,VGIhklN1Ikqb0402,Admit One
0403,QUSYuqD1X2Ul0403,Admit One
0404,vCKYmK7unGly0404,Admit One
0405,UcZ4EmBGqWS90405,Admit One
0406,M8MPournIlgL0406,Admit One
0407,XlhaYi9W80QX0407,Admit One
0408,m4OGrUbgnHbh0408,Admit One
0409,LUemIvf2qXJs0409,Admit One
0410,D0R7t3LZInX40410,Admit One
0411,OdlIcrdI81HH0411,Admit One
0412,dxTyvd5SnISR0412,Admit One
0413,SmtowobXRUFf0413,Admit One
0414,KIg9XvH4tkTr0414,Admit One
0415,FVq0h07492700415,Admit One
0416,lEi0ZV1xOFOE0416,Admit One
0417,JexW1x5JRW5P0417,Admit One
0418,SZvBBoDZUhPd0418,Admit One
0419,dCFLucVHKv9q0419,Admit One
0420,sVx2DNxSzCK00420,Admit One
0421,RvCYfp1o2T2B0421,Admit One
0422,JRztFxhLUiFN0422,Admit One
0423,U4K4zlz3Kw0Z0423,Admit One
0424,jN1kHWREzEBk0424,Admit One
0425,YCRZJhxJdQyy0425,Admit One
0426,QjEvtpdq4fC90426,Admit One
0427,LwOm3uTpKyqJ0427,Admit One
0428,rfHmvPNjaB7W0428,Admit One
0429,P5WINqR5dRoh0429,Admit One
0430,HbJdxy7c5h2t0430,Admit One
0431,TDdohnPKvvm50431,Admit One
0432,iXLU0YrVaCxG0432,Admit One
0433,Gxa0R0vrdTfR0433,Admit One
0434,8TNL28bO5itc0434,Admit One
0435,K5iWlwt6vwdp0435,Admit One
0436,ZPPC4hLHaEoz0436,Admit One
0437,NEp25srMEQbD0437,Admit One
0438,FkcNg0XtgfpP0438,Admit One
0439,BxmEq5NswxTZ0439,Admit One
0440,ggeEiZHmBBkm0440,Admit One
0441,E6ukA1L8ERRx0441,Admit One
0442,6ch5k91fggf90442,Admit One
0443,IF1GUxJNWvQL0443,Admit One
0444,XYjxmjlYBCaV0444,Admit One
0445,5yySEApuESIg0445,Admit One
0446,xUlopIVRgiWs0446,Admit One
0447,976yY6n9XwG50447,Admit One
0448,OQnfrsFKBDRF0448,Admit One
0449,wq3BIJJgEU8Q0449,Admit One
0450,oNqWtRzDgjMc0450,Admit One
0451,0zAhcFHvXx6o0451,Admit One
0452,Vi2hVkBpmAN10452,Admit One
0453,48ICwCFApR5C0453,Admit One
0454,we5YXKviHgIO0454,Admit One
0455,rrFPhPlhXyxY0455,Admit One
0456,Ma7PZtfbmCEl0456,Admit One
0457,v0Mv1LjwpSvw0457,Admit One
0458,nW9GbTPTHh980458,Admit One
0459,z8URLHhC8wtK0459,Admit One
0460,DSB7d29MmD4V0460,Admit One
0461,msQd5UDiqTlg0461,Admit One
0462,eODygctFHjzr0462,Admit One
0463,q1Y9PQBy8xk40463,Admit One
0464,LjQ9Hv5rNA0H0464,Admit One
0465,t9gfjM9DQQiS0465,Admit One
0466,lfS0KUpksgve0466,Admit One
0467,gtcrTZfk8yao0467,Admit One
0468,CbVrM4ZdNBr10468,Admit One
0469,k1kNnVdzQSYC0469,Admit One
0470,cYXiOdJWshmO0470,Admit One
0471,oAst7RbFjvWa0471,Admit One
0472,3UZaQD3PNDhk0472,Admit One
0473,bto5se7lRTOv0473,Admit One
0474,TQbRSmnItic70474,Admit One
0475,f2wbCb51jxNK0475,Admit One
0476,uMeIVMXBOEYU0476,Admit One
0477,jB37WX3G1QLi0477,Admit One
0478,bhqS6fjnTgZu0478,Admit One
0479,Wu0KGkZnjyD30479,Admit One
0480,1dtK9ETgyBUG0480,Admit One
0481,a38pagX22SBR0481,Admit One
0482,SZvBBoDZUhPd0482,Admit One
0483,dCFLucVHKv9q0483,Admit One
0484,sVx2DNxSzCK00484,Admit One
0485,RvCYfp1o2T2B0485,Admit One
0486,JRztFxhLUiFN0486,Admit One
0487,U4K4zlz3Kw0Z0487,Admit One
0488,jN1kHWREzEBk0488,Admit One
0489,YCRZJhxJdQyy0489,Admit One
0490,QjEvtpdq4fC90490,Admit One
0491,LwOm3uTpKyqJ0491,Admit One
0492,rfHmvPNjaB7W0492,Admit One
0493,P5WINqR5dRoh0493,Admit One
0494,HbJdxy7c5h2t0494,Admit One
0495,TDdohnPKvvm50495,Admit One
0496,iXLU0YrVaCxG0496,Admit One
0497,Gxa0R0vrdTfR0497,Admit One
0498,8TNL28bO5itc0498,Admit One
0499,K5iWlwt6vwdp0499,Admit One
0500,ZPPC4hLHaEoz0500,Admit One
0501,NEp25srMEQbD0501,Admit One
0502,FkcNg0XtgfpP0502,Admit One
0503,BxmEq5NswxTZ0503,Admit One
0504,ggeEiZHmBBkm0504,Admit One
0505,E6ukA1L8ERRx0505,Admit One
0506,6ch5k91fggf90506,Admit One
0507,IF1GUxJNWvQL0507,Admit One
0508,XYjxmjlYBCaV0508,Admit One
0509,5yySEApuESIg0509,Admit One
0510,xUlopIVRgiWs0510,Admit One
0511,976yY6n9XwG50511,Admit One
0512,OQnfrsFKBDRF0512,Admit One
0513,wq3BIJJgEU8Q0513,Admit One
0514,oNqWtRzDgjMc0514,Admit One
0515,0zAhcFHvXx6o0515,Admit One
0516,Vi2hVkBpmAN10516,Admit One
0517,48ICwCFApR5C0517,Admit One
0518,we5YXKviHgIO0518,Admit One
0519,rrFPhPlhXyxY0519,Admit One
0520,Ma7PZtfbmCEl0520,Admit One
0521,v0Mv1LjwpSvw0521,Admit One
0522,nW9GbTPTHh980522,Admit One
0523,z8URLHhC8wtK0523,Admit One
0524,DSB7d29MmD4V0524,Admit One
0525,msQd5UDiqTlg0525,Admit One
0526,eODygctFHjzr0526,Admit One
0527,q1Y9PQBy8xk40527,Admit One
0528,LjQ9Hv5rNA0H0528,Admit One
0529,t9gfjM9DQQiS0529,Admit One
0530,lfS0KUpksgve0530,Admit One
0531,gtcrTZfk8yao0531,Admit One
0532,CbVrM4ZdNBr10532,Admit One
0533,k1kNnVdzQSYC0533,Admit One
0534,cYXiOdJWshmO0534,Admit One
0535,oAst7RbFjvWa0535,Admit One
0536,3UZaQD3PNDhk0536,Admit One
0537,bto5se7lRTOv0537,Admit One
0538,TQbRSmnItic70538,Admit One
0539,f2wbCb51jxNK0539,Admit One
0540,uMeIVMXBOEYU0540,Admit One
0541,jB37WX3G1QLi0541,Admit One
0542,bhqS6fjnTgZu0542,Admit One
0543,Wu0KGkZnjyD30543,Admit One
0544,1dtK9ETgyBUG0544,Admit One
0545,a38pagX22SBR0545,Admit One
0546,SZvBBoDZUhPd0546,Admit One
0547,dCFLucVHKv9q0547,Admit One
0548,sVx2DNxSzCK00548,Admit One
0549,RvCYfp1o2T2B0549,Admit One
0550,JRztFxhLUiFN0550,Admit One
0551,U4K4zlz3Kw0Z0551,Admit One
0552,jN1kHWREzEBk0552,Admit One
0553,YCRZJhxJdQyy0553,Admit One
0554,QjEvtpdq4fC90554,Admit One
0555,LwOm3uTpKyqJ0555,Admit One
0556,rfHmvPNjaB7W0556,Admit One
0557,P5WINqR5dRoh0557,Admit One
0558,HbJdxy7c5h2t0558,Admit One
0559,TDdohnPKvvm50559,Admit One
0560,iXLU0YrVaCxG0560,Admit One
0561,Gxa0R0vrdTfR0561,Admit One
0562,8TNL28bO5itc0562,Admit One
0563,K5iWlwt6vwdp0563,Admit One
0564,ZPPC4hLHaEoz0564,Admit One
0565,NEp25srMEQbD0565,Admit One
0566,FkcNg0XtgfpP0566,Admit One
0567,BxmEq5NswxTZ0567,Admit One
0568,ggeEiZHmBBkm0568,Admit One
0569,E6ukA1L8ERRx0569,Admit One
0570,6ch5k91fggf90570,Admit One
0571,MsiWms6HtenX0571,Admit One
0572,bBPC5eYSXvyh0572,Admit One
0573,9bfiW5cnbCfs0573,Admit One
0574,17S37DIL2Rt40574,Admit One
0575,DkmEq1a3tfdG0575,Admit One
0576,S3Uv9n2DYwoR0576,Admit One
0577,0TjRbE6ZbDWc0577,Admit One
0578,szWmBMm63Sjn0578,Admit One
0579,4crwvA4ptgU00579,Admit One
0580,ZLjwnfyi8ukD0580,Admit One
0581,8kySF724CASO0581,Admit One
0582,0HlopFibdPga0582,Admit One
0583,vUvfzKYbtiKj0583,Admit One
0584,QDnfsoSU8vbx0584,Admit One
0585,zd3BJGWqCBI80585,Admit One
0586,r9qWuOCNeRWJ0586,Admit One
0587,2lAgdCU6UfGW0587,Admit One
0588,H5sNwxwG9wRg0588,Admit One
0589,qV7tOP0cCD9r0589,Admit One
0590,i1uEyXg9eSM30590,Admit One
0591,tdFPiLysUg7F0591,Admit One
0592,PM7PaqsljtOT0592,Admit One
0593,xmMv2Hw7nA5e0593,Admit One
0594,pI9GcPceFPJp0594,Admit One
0595,kVJ7mUSeUhxz0595,Admit One
0596,GEB7ezMXkvEC0596,Admit One
0597,oeQd6QQtnBvN0597,Admit One
0598,gADygY6QFQ9Z0598,Admit One
0599,snY9QMO85ftm0599,Admit One
0600,76Gpj8qJkw4w0600,Admit One
0601,fWVLAZufnCm70601,Admit One
0602,X2IglhaCFS0J0602,Admit One
0603,jfcrUWsu5gkV0603,Admit One
0604,yzKYnHK5kxvf0604,Admit One
0605,nokNoSqAO9it0605,Admit One
0606,fKXiPaWhqPw50606,Admit One
0607,aXhZZfMg6haF0607,Admit One
0608,5GZZR9GaLurS0608,Admit One
0609,dgo5tbKwOBYd0609,Admit One
0610,WCbRTj0TqQmp0610,Admit One
0611,howbDXIBgeX10611,Admit One
0612,w8eIVIkMLwhC0612,Admit One
0613,UYtoxkoiOCPN0613,Admit One
0614,N4g9YsUFqRdY0614,Admit One
0615,Yh0JHgmxhgNl0615,Admit One
0616,n0i0aRE8LxYv0616,Admit One
0617,cp8pbckDz9L90617,Admit One
0618,ULvBCkQkROZL0618,Admit One
0619,PZ52LpGjhhDU0619,Admit One
0620,uHx2EKAdwuUi0620,Admit One
0621,ThCYflEzzACt0621,Admit One
0622,LDztGtuWRQP40622,Admit One
0623,XqK3ziCEIeAH0623,Admit One
0624,lA1kITePwvLR0624,Admit One
0625,KZHGkvilzC2c0625,Admit One
0626,C64bK3OIRRGo0626,Admit One
0627,OiOm4rg0If010627,Admit One
0628,c26SMc8BwxBB0628,Admit One
0629,RrWIOneGa9yP0629,Admit One
0630,JNJdyvKn2OCb0630,Admit One
0631,FaTU80AmIhrk0631,Admit One
0632,kJLU0U4gXu7x0632,Admit One
0633,Ija0Sw81aAp80633,Admit One
0634,AFNL34oZ2Q3K0634,Admit One
0635,MsiWms6HtenX0635,Admit One
0636,bBPC5eYSXvyh0636,Admit One
0637,9bfiW5cnbCfs0637,Admit One
0638,17S37DIL2Rt40638,Admit One
0639,DkmEq1a3tfdG0639,Admit One
0640,S3Uv9n2DYwoR0640,Admit One
0641,0TjRbE6ZbDWc0641,Admit One
0642,szWmBMm63Sjn0642,Admit One
0643,4crwvA4ptgU00643,Admit One
0644,ZLjwnfyi8ukD0644,Admit One
0645,8kySF724CASO0645,Admit One
0646,0HlopFibdPga0646,Admit One
0647,vUvfzKYbtiKj0647,Admit One
0648,QDnfsoSU8vbx0648,Admit One
0649,zd3BJGWqCBI80649,Admit One
0650,r9qWuOCNeRWJ0650,Admit One
0651,2lAgdCU6UfGW0651,Admit One
0652,H5sNwxwG9wRg0652,Admit One
0653,qV7tOP0cCD9r0653,Admit One
0654,i1uEyXg9eSM30654,Admit One
0655,tdFPiLysUg7F0655,Admit One
0656,PM7PaqsljtOT0656,Admit One
0657,xmMv2Hw7nA5e0657,Admit One
0658,pI9GcPceFPJp0658,Admit One
0659,kVJ7mUSeUhxz0659,Admit One
0660,GEB7ezMXkvEC0660,Admit One
0661,oeQd6QQtnBvN0661,Admit One
0662,gADygY6QFQ9Z0662,Admit One
0663,snY9QMO85ftm0663,Admit One
0664,76Gpj8qJkw4w0664,Admit One
0665,fWVLAZufnCm70665,Admit One
0666,X2IglhaCFS0J0666,Admit One
0667,jfcrUWsu5gkV0667,Admit One
0668,yzKYnHK5kxvf0668,Admit One
0669,nokNoSqAO9it0669,Admit One
0670,fKXiPaWhqPw50670,Admit One
0671,aXhZZfMg6haF0671,Admit One
0672,5GZZR9GaLurS0672,Admit One
0673,dgo5tbKwOBYd0673,Admit One
0674,WCbRTj0TqQmp0674,Admit One
0675,howbDXIBgeX10675,Admit One
0676,w8eIVIkMLwhC0676,Admit One
0677,UYtoxkoiOCPN0677,Admit One
0678,N4g9YsUFqRdY0678,Admit One
0679,Yh0JHgmxhgNl0679,Admit One
0680,n0i0aRE8LxYv0680,Admit One
0681,cp8pbckDz9L90681,Admit One
0682,ULvBCkQkROZL0682,Admit One
0683,PZ52LpGjhhDU0683,Admit One
0684,uHx2EKAdwuUi0684,Admit One
0685,ThCYflEzzACt0685,Admit One
0686,LDztGtuWRQP40686,Admit One
0687,XqK3ziCEIeAH0687,Admit One
0688,lA1kITePwvLR0688,Admit One
0689,KZHGkvilzC2c0689,Admit One
0690,C64bK3OIRRGo0690,Admit One
0691,OiOm4rg0If010691,Admit One
0692,c26SMc8BwxBB0692,Admit One
0693,RrWIOneGa9yP0693,Admit One
0694,JNJdyvKn2OCb0694,Admit One
0695,FaTU80AmIhrk0695,Admit One
0696,kJLU0U4gXu7x0696,Admit One
0697,Ija0Sw81aAp80697,Admit One
0698,AFNL34oZ2Q3K0698,Admit One
0699,MsiWms6HtenX0699,Admit One
0700,bBPC5eYSXvyh0700,Admit One
0701,9bfiW5cnbCfs0701,Admit One
0702,17S37DIL2Rt40702,Admit One
0703,DkmEq1a3tfdG0703,Admit One
0704,S3Uv9n2DYwoR0704,Admit One
0705,0TjRbE6ZbDWc0705,Admit One
0706,szWmBMm63Sjn0706,Admit One
0707,4crwvA4ptgU00707,Admit One
0708,ZLjwnfyi8ukD0708,Admit One
0709,8kySF724CASO0709,Admit One
0710,0HlopFibdPga0710,Admit One
0711,vUvfzKYbtiKj0711,Admit One
0712,QDnfsoSU8vbx0712,Admit One
0713,zd3BJGWqCBI80713,Admit One
0714,r9qWuOCNeRWJ0714,Admit One
0715,2lAgdCU6UfGW0715,Admit One
0716,H5sNwxwG9wRg0716,Admit One
0717,qV7tOP0cCD9r0717,Admit One
0718,i1uEyXg9eSM30718,Admit One
0719,DlfgCw0NIKzB0719,Admit One
0720,iUXg4RuGXXGP0720,Admit One
0721,GunCWsycboxa0721,Admit One
0722,8QaX60e933Bl0722,Admit One
0723,4dkOG5U9ILqv0723,Admit One
0724,ZMcO9aO2YZ680724,Admit One
0725,7mrua1SObpoJ0725,Admit One
0726,zIeFB98v342V0726,Admit One
0727,BvzQuyQetJmh0727,Admit One
0728,QEg6DjsoYaxs0728,Admit One
0729,yewcfAwAbqe30729,Admit One
0730,qAixFIch36sF0730,Admit One
0731,2n38z7uQtKcR0731,Admit One
0732,H6lpHsMaYbnb0732,Admit One
0733,6wBeJ3sfCnap0733,Admit One
0734,ySyztBYCe3o10734,Admit One
0735,tf7q3GOCuLTB0735,Admit One
0736,OO0qvkI59YjO0736,Admit One
0737,xoFMNCMRCpRZ0737,Admit One
0738,pK2ixK2ye4fl0738,Admit One
0739,1wNsh8KgUIPx0739,Admit One
0740,FG4Z0tmr9aa70740,Admit One
0741,ogJ5RLqDCqHI0741,Admit One
0742,gC6Q2TWke5VU0742,Admit One
0743,soRalHoSVKFh0743,Admit One
0744,689H43Gd9bQr0744,Admit One
0745,vxZ65DminnD50745,Admit One
0746,nTLSgLSFF2RH0746,Admit One
0747,ihVJqQIEVL6Q0747,Admit One
0748,EPOJivC8kYNd0748,Admit One
0749,mpdpANGUno4p0749,Admit One
0750,eLQAkUw1F4I00750,Admit One
0751,qykKUJEj6I2D0751,Admit One
0752,5HS1m4gukZDN0752,Admit One
0753,dhhXEWkGnquY0753,Admit One
0754,VEUspeQnF58k0754,Admit One
0755,hqp3YSiV6Jsw0755,Admit One
0756,wAXjrDAgkb370756,Admit One
0757,lzwZsOglOnrL0757,Admit One
0758,dVjuTWMIq24W0758,Admit One
0759,YitlcbCH6Ljg0759,Admit One
0760,3RmlV56BLY0t0760,Admit One
0761,cr1HwXAXOoh40761,Admit One
0762,UNocXfq4q4vG0762,Admit One
0763,fz8nGT8mhIfS0763,Admit One
0764,uJqTZFaxLZqd0764,Admit One
0765,Tj5z1geJOqXo0765,Admit One
0766,LFsLboKqq5l00766,Admit One
0767,WsDVLccYhJWC0767,Admit One
0768,lBuCdO4jLagM0768,Admit One
0769,KbAi5p84PrOX0769,Admit One
0770,C7x3gxocr6cj0770,Admit One
0771,NkHDPl6KhKMw0771,Admit One
0772,tS9DHG0EwYd90772,Admit One
0773,RsPjji4ZzoKK0773,Admit One
0774,JPC5Kqk7R3YW0774,Admit One
0775,EcMwTva6hMCf0775,Admit One
0776,kLEwMPUzwZTs0776,Admit One
0777,IkTSnrYL0pB30777,Admit One
0778,AHGnOzEsS5OF0778,Admit One
0779,Mtbx7nWbIJ9S0779,Admit One
0780,bDIeQYylxaKc0780,Admit One
0781,9dYAs0270r1n0781,Admit One
0782,19LVS8ieS6Fz0782,Admit One
0783,DlfgCw0NIKzB0783,Admit One
0784,iUXg4RuGXXGP0784,Admit One
0785,GunCWsycboxa0785,Admit One
0786,8QaX60e933Bl0786,Admit One
0787,4dkOG5U9ILqv0787,Admit One
0788,ZMcO9aO2YZ680788,Admit One
0789,7mrua1SObpoJ0789,Admit One
0790,zIeFB98v342V0790,Admit One
0791,BvzQuyQetJmh0791,Admit One
0792,QEg6DjsoYaxs0792,Admit One
0793,yewcfAwAbqe30793,Admit One
0794,qAixFIch36sF0794,Admit One
0795,2n38z7uQtKcR0795,Admit One
0796,H6lpHsMaYbnb0796,Admit One
0797,6wBeJ3sfCnap0797,Admit One
0798,ySyztBYCe3o10798,Admit One
0799,tf7q3GOCuLTB0799,Admit One
0800,OO0qvkI59YjO0800,Admit One
0801,xoFMNCMRCpRZ0801,Admit One
0802,pK2ixK2ye4fl0802,Admit One
0803,1wNsh8KgUIPx0803,Admit One
0804,FG4Z0tmr9aa70804,Admit One
0805,ogJ5RLqDCqHI0805,Admit One
0806,gC6Q2TWke5VU0806,Admit One
0807,soRalHoSVKFh0807,Admit One
0808,689H43Gd9bQr0808,Admit One
0809,vxZ65DminnD50809,Admit One
0810,nTLSgLSFF2RH0810,Admit One
0811,ihVJqQIEVL6Q0811,Admit One
0812,EPOJivC8kYNd0812,Admit One
0813,mpdpANGUno4p0813,Admit One
0814,SZw6TgIC1rZ90814,Admit One
0815,dBGHCUaur5JL0815,Admit One
0816,sVyxVG25WNUW0816,Admit One
0817,RvDTxh6RZdCh0817,Admit One
0818,JR0pXpmy1sQt0818,Admit One
0819,U4LzHe4gs7A50819,Admit One
0820,jN2gaPWrWOLF0820,Admit One
0821,YCSVba2wAa8T0821,Admit One
0822,QiFqBiiTcqMf0822,Admit One
0823,LwPhLnYSs80p0823,Admit One
0824,reHhEHSM7LH20824,Admit One
0825,P4XDfjWhAcyD0825,Admit One
0826,HbKZGrCFcrCP0826,Admit One
0827,TDejzfUxS5xb0827,Admit One
0828,iXMQIQw87N8l0828,Admit One
0829,Gxbwks0TAdpw0829,Admit One
0830,8TOHK0g1cs380830,Admit One
0831,K5jR4oyjT6nL0831,Admit One
0832,ZPQ8MZQu7OyV0832,Admit One
0833,7pgeo1UFAefg0833,Admit One
0834,zLTzO9Amcuts0834,Admit One
0835,BxnA8xSVT8d40835,Admit One
0836,ggfA0SMOiLuI0836,Admit One
0837,VV5z2dsTMXhV0837,Admit One
0838,N1sKclY0omvh0838,Admit One
0839,IF2CmqO045ar0839,Admit One
0840,nxuCeKItJIq40840,Admit One
0841,MNAh6mMFMYYF0841,Admit One
0842,Etx3gu2moomR0842,Admit One
0843,QWHDQiKVe2Wd0843,Admit One
0844,eqzujTmfJJho0844,Admit One
0845,DFEQAvq1MaOz0845,Admit One
0846,5m1ll3WYopcA0846,Admit One
0847,HOMwUroHf3MN0847,Admit One
0848,m7EwNMiAuHda0848,Admit One
0849,KXTRonmWxXLl0849,Admit One
0850,C3GnPvS3PmYx0850,Admit One
0851,8GQeZ0I3f5D60851,Admit One
0852,dzIeRVCwuIUK0852,Admit One
0853,BPYAtwGIxYBV0853,Admit One
0854,3vLVT4wpPoPh0854,Admit One
0855,FYfgDtEXG29t0855,Admit One
0856,UrNMVegiuJK30856,Admit One
0857,JgnBXpCnYV7H0857,Admit One
0858,BCaX7xsK0lLT0858,Admit One
0859,MpuhrlA2qz5f0859,Admit One
0860,b8cO9WcDVGGq0860,Admit One
0861,Qx2DBh8I9S340861,Admit One
0862,IUpYlpopbiHF0862,Admit One
0863,DhzQvueor0wP0863,Admit One
0864,jQrQnPYi6DCc0864,Admit One
0865,Hq6wFqc49Uun0865,Admit One
0866,9MtHqyIbbj8z0866,Admit One
0867,LyERZmaJRxsC0867,Admit One
0868,aIv8sY2U6F3M0868,Admit One
0869,8iBeJz6q9VkX0869,Admit One
0870,0Eyzu7mNbkyj0870,Admit One
0871,CqIAdv45Sziv0871,Admit One
0872,RA0qwhWG6Gt50872,Admit One
0873,GzQgxs2LkShJ0873,Admit One
0874,8VD1Y0isChuV0874,Admit One
0875,3jNsi5YrS0Zf0875,Admit One
0876,YRFsaZSlhDqs0876,Admit One
0877,7rUO21W7kTX30877,Admit One
0878,zNHjc9CeCjlF0878,Admit One
0879,A0cuMxUM3xVR0879,Admit One
0880,PJJaeiwXhEgc0880,Admit One
0881,yjZ66A0tkVNn0881,Admit One
0882,qGLRhIgQCkby0882,Admit One
0883,1sgcQ6y83yMB0883,Admit One
0884,GCOJjrQJhGWL0884,Admit One
0885,51o8k2wNLSKZ0885,Admit One
0886,xXbTLAcvnhYl0886,Admit One
0887,skkKUFSu30Cu0887,Admit One
0888,OTdKNkMoIDT80888,Admit One
0889,wtsqoBQ9LTAJ0889,Admit One
0890,oPfBPJ6gnjOU0890,Admit One
0891,010M88OPex8h0891,Admit One
0892,ELh3RtqZIEJr0892,Admit One
0893,nlwZtKuvLV120893,Admit One
0894,fHjuTSaSnkEE0894,Admit One
0895,ru44DHsBeyzR0895,Admit One
0896,5DmlW2KLIFAb0896,Admit One
0897,ed1HxUOhMWrm0897,Admit One
0898,W9ocYc4Eol5y0898,Admit One
0899,im8nHQMxezpA0899,Admit One
0900,DU1nAuGqtD6N0900,Admit One
0901,luGJbMKCwTnY0901,Admit One
0902,dR3eCU0jOi1k0902,Admit One
0903,ZeDVMZqje1gu0903,Admit One
0904,4N5VE3kctEw70904,Admit One
0905,cmK1gVoyxUeI0905,Admit One
0906,UJ7MGdUVPkrU0906,Admit One
0907,gvSX0RmEFycg0907,Admit One
0908,vF9DIDEOuFnr0908,Admit One
0909,UZp18hWs6X5K0909,Admit One
0910,M5cNipCPYmJW0910,Admit One
0911,YhxXSeU7O03i0911,Admit One
0912,3QpXK8O1dDKw0912,Admit One
0913,cq43maSNhU170913,Admit One
0914,UMrOMi8u9jFI0914,Admit One
0915,PZ1GWnytO1tS0915,Admit One
0916,uIuGOHsneFAf0916,Admit One
0917,Ti9lqjw9hVsq0917,Admit One
0918,LEw7Rrcg9k520918,Admit One
0919,WrGHAfuOzzqE0919,Admit One
0920,lAyyTQMZeG1P0920,Admit One
0921,KaDUusQvhWia0921,Admit One
0922,C60pV06S9mwm0922,Admit One
0923,NjL0EoOAz0gy0923,Admit One
0924,c22gXZqLeHr80924,Admit One
0925,RsSVYkMPITeM0925,Admit One
0926,JOFr9s2xkjsY0926,Admit One
0927,EbPiJxsw01Wi0927,Admit One
0928,kKHiBSmqFEnv0928,Admit One
0929,IkXEdtqBIVV60929,Admit One
0930,AGKZD1WjkkiI0930,Admit One
0931,MsekxqoRayTU0931,Admit One
0932,bCMQGbGbFGee0932,Admit One
0933,9cbwh3KxIWLq0933,Admit One
0934,18OHIA0UklZ10934,Admit One
0935,DkjS1zIDb0JE0935,Admit One
0936,S4Q8KkkNFHUO0936,Admit One
0937,HtqyLvGStTHc0937,Admit One
0938,9PdJw3wzLiVo0938,Admit One
0939,4dnA68mzb1Ax0939,Admit One
0940,ZLfAycgsqEQB0940,Admit One
0941,8lvgQ4kEtU8M0941,Admit One
0942,0Hi10CQlLkMX0942,Admit One
0943,Bu2Cj0iUCy6k0943,Admit One
0944,QDkt2lAeqFHu0944,Admit One
0945,zdzOUDE0tWy50945,Admit One
0946,rAmk4LuXLlCH0946,Admit One
0947,2m7uo9CGCzwT0947,Admit One
0948,H6ob7veQqH7e0948,Admit One
0949,6vEQ85AVUTus0949,Admit One
0950,yR1liDq2wi830950,Admit One
0951,teBdsIg2C1nD0951,Admit One
0952,PN3dlnavRE3Q0952,Admit One
0953,xnJ8CFeHUUlb0953,Admit One
0954,pJ5UnNKowkzn0954,Admit One
0955,1vQeWBcWnyj00955,Admit One
0956,FF8Lpw4hRFuA0956,Admit One
0957,ofNrHO83VWbL0957,Admit One
0958,gBACrWoawlpX0958,Admit One
0959,soVNbK6InzZj0959,Admit One
0960,67C3t5YTRGkt0960,Admit One
0961,fXRZLXcpVXS40961,Admit One
0962,X3EuwfIMxmgG0962,Admit One
0963,jgZ5fTa4n0QT0963,Admit One
0964,EPR5XyUy2Ehg0964,Admit One
0965,mogbzPYK5UOr0965,Admit One
0966,eLTwZXErXjc30966,Admit One
0967,aYdnjc4qn2GC0967,Admit One
0968,5HWnc7yk2FXQ0968,Admit One
0969,dhlJ3Y266VEb0969,Admit One
0970,VDYeegidYlSm0970,Admit One
0971,hpspNU0LOzDz0971,Admit One
0972,w9aVgGSW3GN90972,Admit One
0973,UZp18hWs6X5K0973,Admit One
0974,M5cNipCPYmJW0974,Admit One
0975,YhxXSeU7O03i0975,Admit One
0976,3QpXK8O1dDKw0976,Admit One
0977,cq43maSNhU170977,Admit One
0978,UMrOMi8u9jFI0978,Admit One
0979,PZ1GWnytO1tS0979,Admit One
0980,uIuGOHsneFAf0980,Admit One
0981,Ti9lqjw9hVsq0981,Admit One
0982,LEw7Rrcg9k520982,Admit One
0983,WrGHAfuOzzqE0983,Admit One
0984,lAyyTQMZeG1P0984,Admit One
0985,KaDUusQvhWia0985,Admit One
0986,C60pV06S9mwm0986,Admit One
0987,NjL0EoOAz0gy0987,Admit One
0988,c22gXZqLeHr80988,Admit One
0989,RsSVYkMPITeM0989,Admit One
0990,JOFr9s2xkjsY0990,Admit One
0991,EbPiJxsw01Wi0991,Admit One
0992,kKHiBSmqFEnv0992,Admit One
0993,IkXEdtqBIVV60993,Admit One
0994,AGKZD1WjkkiI0994,Admit One
0995,MsekxqoRayTU0995,Admit One
0996,bCMQGbGbFGee0996,Admit One
0997,9cbwh3KxIWLq0997,Admit One
0998,18OHIA0UklZ10998,Admit One
0999,DkjS1zIDb0JE0999,Admit One
1000,S4Q8KkkNFHUO1000,Admit One
1001,IET69cd37d213ed08.09557124,Punchy Punch Vibe ladies 3 on 1 ticket 
1002,IET69cf1a26589160.04470415,Punchy Punch Vibe ladies 3 on 1 ticket 
1003,IET69dd2117ebbd09.77277014,Punchy Punch Vibe ladies 3 on 1 ticket 
1004,IET69e1a15a148163.37238024,Punchy Punch Vibe ladies 3 on 1 ticket 
1005,IET69e1a15a14d7b6.81977235,Punchy Punch Vibe ladies 3 on 1 ticket 
1006,IET69e1a15a152e39.16330815,Punchy Punch Vibe ladies 3 on 1 ticket 
1007,IET69eb9c76eb99f0.61796937,Punchy Punch Vibe ladies 3 on 1 ticket 
1008,IET69efed604ff2f4.33137703,Punchy Punch Vibe ladies 3 on 1 ticket 
1009,IET69f25db21b54f1.54524406,Punchy Punch Vibe ladies 3 on 1 ticket 
1010,IET69f35240f151d9.21092781,Punchy Punch Vibe ladies 3 on 1 ticket 
1011,IET69f3ccd5388e15.26798823,Punchy Punch Vibe ladies 3 on 1 ticket 
1012,IET69f63eb7712421.85776158,Punchy Punch Vibe ladies 3 on 1 ticket 
1013,IET69f74905177476.52244500,Punchy Punch Vibe ladies 3 on 1 ticket 
1014,IET69fd1332316495.46370574,Punchy Punch Vibe ladies 3 on 1 ticket 
1015,IET6a02207f67ff31.11396639,Punchy Punch Vibe ladies 3 on 1 ticket 
1016,IET6a0f4f93b42589.59706322,Punchy Punch Vibe ladies 3 on 1 ticket 
1017,IET6a14e36432f7c3.08852572,Punchy Punch Vibe ladies 3 on 1 ticket 
1018,IET6a153e86d76e12.38306120,Punchy Punch Vibe ladies 3 on 1 ticket 
1019,IET69b04ae18f8c58.17675244,Tier 1
1020,IET69b4481ad10e89.47398694,Tier 1
1021,IET69b88c35160cc0.56950487,Tier 1
1022,IET69b88c351655b6.11756139,Tier 1
1023,IET69bee8c2c8f426.15924176,Tier 1
1024,IET69bee8c2c939f9.81243919,Tier 1
1025,IET69c72949bb35d3.88309829,Tier 1
1026,IET69c966a5e26be0.56228626,Tier 1
1027,IET69c966a5e2d863.76314014,Tier 1
1028,IET69caed3571fe52.41726124,Tier 1
1029,IET69caed35725cf2.00679485,Tier 1
1030,IET69cdc376517af5.41678004,Tier 1
1031,IET69d49749bbf7e4.56759735,Tier 1
1032,IET69d49749bc4357.17129814,Tier 1
1033,IET69efa7b2365b14.92713639,Tier 1
1034,IET69efaa75e217a5.60347410,Tier 1
1035,IET69efaa75e2dae2.35774030,Tier 1
1036,IET69efed604f9b55.32823250,Tier 1
1037,IET69f3ccd5383e60.40324660,Tier 1
1038,IET69f4a003df4601.48853069,Tier 1
1039,IET69f4a003df97b8.46229407,Tier 1
1040,IET69f4a003dfe1b9.17885194,Tier 1
1041,IET69f4a1e3656d76.84303535,Tier 1
1042,IET69f63eb770d3a2.59587744,Tier 1
1043,IET69f896a84e6087.71328411,Tier 1
1044,IET69f896a84ea8e9.05427893,Tier 1
1045,IET69f896a84ee9a0.32507884,Tier 1
1046,IET69f92206b57fe7.18058810,Tier 1
1047,IET69f92206b5eb09.76694227,Tier 1
1048,IET69f993a3b1ba04.30422731,Tier 1
1049,IET69f993a3b206f9.40663255,Tier 1
1050,IET69fbe63c407088.81411009,Tier 1
1051,IET69fbf1021de5b1.89569667,Tier 1
1052,IET69fec810165347.08933466,Tier 1
1053,IET69ff3bddad7750.70800077,Tier 1
1054,IET69ff3bddadd334.13351766,Tier 1
1055,IET69ff580fcd7331.43852098,Tier 1
1056,IET69ff580fcdbf68.59792085,Tier 1
1057,IET6a0180e5abc0e6.90337368,Tier 1
1058,IET6a028741f14615.02520693,Tier 1
1059,IET6a031b5dae6dd8.70584373,Tier 1
1060,IET6a031b5daeb785.60934021,Tier 1
1061,IET6a035331db5219.23643628,Tier 1
1062,IET6a035331dbb017.48358460,Tier 1
1063,IET6a03d195669aa7.46590297,Tier 1
1064,IET6a062a13480897.85000781,Tier 1
1065,IET6a062a13485d40.60781576,Tier 1
1066,IET6a0cd88ad3dad7.59804796,Tier 1
1067,IET6a0ddb1bee7075.30270797,Tier 1
1068,IET6a0f42c6b51934.73386950,Tier 1
1069,IET6a0f42c6b56897.55099378,Tier 1
1070,IET6a0f79878cfe39.06158637,Tier 1
1071,IET6a0f79878d4d40.38610748,Tier 1
1072,IET6a10386b4b75a3.85949377,Tier 1
1073,IET6a120494d47959.25548573,Tier 1
1074,IET6a1249e3026f37.99285879,Tier 1
1075,IET6a1249e302b7d7.52993490,Tier 1
1076,IET6a146839087f25.14327379,Tier 1
1077,IET6a14f958e77842.75030978,Tier 1
1078,IET6a150d7fbc6fe3.27469242,Tier 1
1079,IET6a150d7fbcbbb7.43436414,Tier 1
1080,IET6a15e756e897e7.43388904,Tier 1
1081,IET6a15e756e8e871.72176146,Tier 1
1082,IET6a164514bc8079.39245320,Tier 1
1083,IET6a164514bce799.37906552,Tier 1
1084,IET6a164514bd27a7.66566221,Tier 1
1085,IET6a1658cd69bc50.30463835,Tier 1
1086,IET6a16972f5bafd5.94287253,Tier 1
1087,IET6a16972f5c0ce6.10447518,Tier 1
1088,IET6a16de0b284c58.83714612,Tier 1
1089,IET6a16de0b289b79.57405319,Tier 1
1090,IET6a16e7b66e5a26.44816891,Tier 1
1091,IET6a16e7b66ebc53.32941728,Tier 1
1092,IET6a171826afc006.44945065,Tier 1
1093,IET6a1727c47ca537.53490822,Tier 1
1094,IET6a1755b0659637.30601851,Tier 1
1095,IET6a17776e76b610.32055410,Tier 1
1096,IET6a17776e7713c1.41259521,Tier 1
1097,IET6a1791525487a1.66944581,Tier 1
1098,IET6a17915254db89.76721456,Tier 1
1099,IET6a184131489af0.14173558,Tier 1
1100,IET6a18413148ef81.92249799,Tier 1
1101,IET6a1848515fcb83.48596757,Tier 1
1102,IET6a186a9a473c13.00355962,Tier 1
1103,IET6a186a9a47acc5.45065545,Tier 1
1104,IET6a186a9a4806d5.91483891,Tier 1
1105,IET6a186a9a485a89.40977910,Tier 1
1106,IET6a186a9a48af88.26011551,Tier 1
1107,IET6a1895565b3c31.74089473,Tier 1
1108,IET6a18b7dd0e5e98.38943162,Tier 1
1109,IET6a18d2534dedb3.74276334,Tier 1
1110,IET6a18dc5133e003.32909597,Tier 1
1111,IET6a18dc51343a75.61584525,Tier 1
1112,IET6a18f81f854f35.65209924,Tier 1
1113,IET6a18f81f85a2d0.77736929,Tier 1
1114,IET6a1909754fb683.71250268,Tier 1
1115,IET6a190975501461.50923016,Tier 1
1116,IET6a196af58fa446.85710896,Tier 1
1117,IET6a1985a29e1f23.43335487,Tier 1
1118,IET6a198f3f0f65e5.07167443,Tier 1
1119,IET6a198fed3b7764.82630139,Tier 1
1120,IET6a199131b957e7.86383758,Tier 1
1121,IET6a19a7b0402aa4.73222557,Tier 1
1122,IET6a19a8157c7002.38544060,Tier 1
1123,IET6a19c459c8f3e7.18498093,Tier 1
1124,IET6a19c459c95288.70774673,Tier 1
1125,IET6a19c8fdf02002.35959385,Tier 1
1126,IET6a19c8fdf07075.09019309,Tier 1
1127,IET6a19ce5b486884.06645038,Tier 1
1128,IET6a19db6e8195f6.95232118,Tier 1
1129,IET6a19db6e81f962.82105439,Tier 1
1130,IET6a19e2c3681e31.57025877,Tier 1
1131,IET6a19e2c3687607.82644137,Tier 1
1132,IET6a19e2c368c0f4.03513582,Tier 1
1133,IET6a19e6b64576f3.70243727,Tier 1
1134,IET6a19fd285a1304.43347236,Tier 1
1135,IET6a19fd285a6144.14866524,Tier 1
1136,IET6a1a04424de1c8.47137373,Tier 1
1137,IET6a1a04424e30d2.01771665,Tier 1
1138,IET6a1a077bf34ea1.51363247,Tier 1
1139,IET6a1a077bf39aa9.83818737,Tier 1
1140,IET6a1a077bf3e163.17337164,Tier 1
1141,IET6a1a08eb6cac89.24098787,Tier 1
1142,IET6a1a2376b33702.75247651,Tier 1
1143,IET6a1a39903bb9f8.59031373,Tier 1
1144,IET6a1a39903c01d9.50533297,Tier 1
1145,IET6a1a39903c4104.33302392,Tier 1
1146,IET6a1a39903c8308.01397310,Tier 1
1147,IET6a1a39903cc2e1.44611554,Tier 1
1148,IET6a1a4155ee1a45.26404546,Tier 1
1149,IET6a1a4155ee6730.98196360,Tier 1
1150,IET6a1a42cd763b46.51681681,Tier 1
1151,IET6a1a42cd769c59.48523523,Tier 1
1152,IET6a1a5f11b43141.72179495,Tier 1
1153,IET6a1a79ab78f4e9.35273440,Tier 1
1154,IET6a1aa840cf9e93.75588917,Tier 1
1155,IET6a1aa840cff5b2.85962640,Tier 1
1156,IET6a1af44a52a937.23012570,Tier 1
1157,IET6a1af44a52f549.62290886,Tier 1
1158,IET6a1b0f412cd8f3.71422701,Tier 1
1159,IET6a1b0f412d2528.37466817,Tier 1
1160,IET6a1b18ab081cc8.65412732,Tier 1
1161,IET6a1b18ab087a02.77187809,Tier 1
1162,IET6a1b264cbb3c31.62655850,Tier 1
1163,IET6a1b264cbb9598.80047798,Tier 1
1164,IET6a1b40396b2242.52311215,Tier 1
1165,IET6a1b472b6e18d7.83558727,Tier 1
1166,IET6a1b560d6ba072.64252757,Tier 1
1167,IET6a1b560d6be946.83626050,Tier 1
1168,IET6a1b560d6c23b0.77102886,Tier 1
1169,IET6a1b5f8ce78f94.99675013,Tier 1
1170,IET6a1b5f8ce7ebe4.26568151,Tier 1
1171,IET6a1b63839697c2.34930470,Tier 1
1172,IET6a1b638396dcb2.36253847,Tier 1
1173,IET6a1b661e4aac64.09429683,Tier 1
1174,IET6a1b661e4af966.57771104,Tier 1
1175,IET6a1b6872381724.75712077,Tier 1
1176,IET6a1b757a7daab2.25076492,Tier 1
1177,IET6a1b7d159ff8b1.22972754,Tier 1
1178,IET6a1b85eb055e54.25967610,Tier 1
1179,IET6a1b85eb05bfa7.40339796,Tier 1