0001,xhowlcLp2LqU0101,3 For 1
0002,qDbIMj1MTa4g0102,3 For 1
0003,1pwS5YJ4Koos0103,3 For 1
0004,G9d9OJlFz6z30104,3 For 1
0005,5y3yPUHKcImG0105,3 For 1
0006,xUqJ0cxr4X0S0106,3 For 1
0007,si0AAhnqKqec0107,3 For 1
0008,NQtA2BhkZ3vp0108,3 For 1
0009,wq8gUdl6dJc00109,3 For 1
0010,oMv24lRd4ZqC0110,3 For 1
0011,0zFCoZjLvnbO0111,3 For 1
0012,EIxt6LBWa4mZ0112,3 For 1
0013,niCPYmFsdLTk0113,3 For 1
0014,fFzk9uvP5ahv0114,3 For 1
0015,rrKvsiD7voR80115,3 For 1
0016,5B1bBUfIa6cI0116,3 For 1
0017,u0RQCeBNEIPW0117,3 For 1
0018,mWEmnmrufXdi0118,3 For 1
0019,ijOdwrhtvpHs0119,3 For 1
0020,DSGdpMbnB3Y50120,3 For 1
0021,lsW9Gof9EJGG0121,3 For 1
0022,dOJUrwLggYTS0122,3 For 1
0023,p0dfakdOWnEe0123,3 For 1
0024,4KLLtV5ZB4Po0124,3 For 1
0025,ckarLx9vEK6z0125,3 For 1
0026,15ip5XjurRVH0126,3 For 1
0027,Dh30oL1cifGT0127,3 For 1
0028,S1lg77TnMxRe0128,3 For 1
0029,0Q0CYYX8PD8p0129,3 For 1
0030,sxnX9gDgrTM00130,3 For 1
0031,4Z7isUVOih6D0131,3 For 1
0032,ZI0ilzPIxuNQ0132,3 For 1
0033,8iFECRTd0A4b0133,3 For 1
0034,0E2ZnZ9BSQIn0134,3 For 1
0035,vRCQxezAiixx0135,3 For 1
0036,QA4Qp8t3xvDA0136,3 For 1
0037,WROnSiQIN3UD0137,3 For 1
0038,OxB93q6ppIiP0138,3 For 1
0039,ZaVJmeOYfWSc0139,3 For 1
0040,otD05QqiKodm0140,3 For 1
0041,NJSWXru4N4Kx0141,3 For 1
0042,FpFr7zabpJY90142,3 For 1
0043,QSa2rosKfYIL0143,3 For 1
0044,CadLJ1EwVhfb0144,3 For 1
0045,k0srkTIIYxMm0145,3 For 1
0046,dWfCLbyp0Cay0146,3 For 1
0047,Yjp3VgooGVF80147,3 For 1
0048,3Sh3NAiiViVL0148,3 For 1
0049,bswZpcm4ZyDW0149,3 For 1
0050,UOjvPkSb1ERi0150,3 For 1
0051,f0459YkJrSBu0151,3 For 1
0052,uKmmRKCUWjM50152,3 For 1
0053,Sk1ItlGqZ03G0153,3 For 1
0054,LGodUtwN1FHR0154,3 For 1
0055,Wt8nDhE5rT1e0155,3 For 1
0056,lCqUWTgGWlCo0156,3 For 1
0057,a1GJXeCLAxz20157,3 For 1
0058,SX3f8lsscCDE0158,3 For 1
0059,NlDWHqirrVsN0159,3 For 1
0060,sT5WALcl7i9b0160,3 For 1
0061,RtK2bng7Ayqm0161,3 For 1
0062,JP7NCvMecD4x0162,3 For 1
0063,V2SXvjeMSSoA0163,3 For 1
0064,jM9EEU6X7jzK0164,3 For 1
0065,IlPkgwAtAzgV0165,3 For 1
0066,AIC5G4qQcFuh0166,3 For 1
0067,MuWG0s88STeu0167,3 For 1
0068,aEEwJdaJ7kp40168,3 For 1
0069,P3emKo6OlxdI0169,3 For 1
0070,YybQUfEen8wW0170,3 For 1
0071,TBlIek4d3Qbg0171,3 For 1
0072,yueIWFyXIdrt0172,3 For 1
0073,XKtnyg2sMuZ40173,3 For 1
0074,Pqg9YoiQn9nG0174,3 For 1
0075,aT0JId08eNXT0175,3 For 1
0076,pmi0bOSJJfid0176,3 For 1
0077,OCxW2qWeMvPo0177,3 For 1
0078,GikrdyCCoAd00178,3 For 1
0079,RL52MmUuePNC0179,3 For 1
0080,gemifXw5JgYM0180,3 For 1
0081,VUCXgiS9xsMa0181,3 For 1
0082,N0ztHq8gO7Zm0182,3 For 1
0083,ID9kRvygeQEw0183,3 For 1
0084,ow1kJPsZudV90184,3 For 1
0085,MMHGlrwvxtCK0185,3 For 1
0086,Es4bLzcSP9QW0186,3 For 1
0087,QUOm5nuBFNAi0187,3 For 1
0088,fo6SNZMLueLt0188,3 For 1
0089,DELyp0Qhxv240189,3 For 1
0090,5k8JP86EPAGF0190,3 For 1
0091,HMTU9wOxFO0S0191,3 For 1
0092,WgAASiq7ugBc0192,3 For 1
0093,46Qgt9uTxwtn0193,3 For 1
0094,wcD2UHa0PB7z0194,3 For 1
0095,8FXCD5sjGQrB0195,3 For 1
0096,dxPC6amcVd8P0196,3 For 1
0097,CNfiX2qyYtpa0197,3 For 1
0098,4tS38AWV083l0198,3 For 1
0099,z7cuIFMVGRhv0199,3 For 1
0100,UpUuAjGOVey80200,3 For 1
0101,3FjQcBKkYufJ0201,3 For 1
0102,vmWmCJ0H0AtV0202,3 For 1
0103,6Orww7IzqOeh0203,3 For 1
0104,LiYdEskAVfps0204,3 For 1
0105,u7o9gKoWYwW30205,3 For 1
0106,meaUHSU30BkF0206,3 For 1
0107,xGvf0GmlrPUR0207,3 For 1
0108,Tznfslgf6dle0208,3 For 1
0109,1P3AKCk19tSp0209,3 For 1
0110,tvqWvKQYb8g10210,3 For 1
0111,o8zN4PGXrRKB0211,3 For 1
0112,KrsNxuAR6ebO0212,3 For 1
0113,sH7tOLEn9uJZ0213,3 For 1
0114,knuEzTuKb9Wl0214,3 For 1
0115,wQFPiIC2SOHx0215,3 For 1
0116,Ajw513eD6fS70216,3 For 1
0117,j9BbTUiZ9w9I0217,3 For 1
0118,bfyw3cO6bBNU0218,3 For 1
0119,nIJ7nRgoSP7h0219,3 For 1
0120,1b1n5C8z6gIr0220,3 For 1
0121,qQRd7Ne4kt550221,3 For 1
0122,ixDyhVKbC8JH0222,3 For 1
0123,eANpraAaSQyQ0223,3 For 1
0124,9tGpj44UheEe0224,3 For 1
0125,hJVLBW8qkuwp0225,3 For 1
0126,ZpIgmeoNC9A00226,3 For 1
0127,lRcrVS653NuD0227,3 For 1
0128,0lKXoDYGhf5N0228,3 For 1
0129,YBZ3FfcclvmY0229,3 For 1
0130,QhMPqnI9CB0k0230,3 For 1
0131,cJhZZbar3Pkw0231,3 For 1
0132,rdPGsM22igv70232,3 For 1
0133,gSo5tXY7LsiL0233,3 For 1
0134,YybQUfEen8wW0234,3 For 1
0135,TBlIek4d3Qbg0235,3 For 1
0136,yueIWFyXIdrt0236,3 For 1
0137,XKtnyg2sMuZ40237,3 For 1
0138,Pqg9YoiQn9nG0238,3 For 1
0139,aT0JId08eNXT0239,3 For 1
0140,pmi0bOSJJfid0240,3 For 1
0141,OCxW2qWeMvPo0241,3 For 1
0142,GikrdyCCoAd00242,3 For 1
0143,RL52MmUuePNC0243,3 For 1
0144,gemifXw5JgYM0244,3 For 1
0145,VUCXgiS9xsMa0245,3 For 1
0146,N0ztHq8gO7Zm0246,3 For 1
0147,ID9kRvygeQEw0247,3 For 1
0148,ow1kJPsZudV90248,3 For 1
0149,MMHGlrwvxtCK0249,3 For 1
0150,Es4bLzcSP9QW0250,3 For 1
0151,QUOm5nuBFNAi0251,3 For 1
0152,fo6SNZMLueLt0252,3 For 1
0153,DELyp0Qhxv240253,3 For 1
0154,5k8JP86EPAGF0254,3 For 1
0155,HMTU9wOxFO0S0255,3 For 1
0156,WgAASiq7ugBc0256,3 For 1
0157,46Qgt9uTxwtn0257,3 For 1
0158,wcD2UHa0PB7z0258,3 For 1
0159,8FXCD5sjGQrB0259,3 For 1
0160,dxPC6amcVd8P0260,3 For 1
0161,CNfiX2qyYtpa0261,3 For 1
0162,4tS38AWV083l0262,3 For 1
0163,z7cuIFMVGRhv0263,3 For 1
0164,UpUuAjGOVey80264,3 For 1
0165,3FjQcBKkYufJ0265,3 For 1
0166,vmWmCJ0H0AtV0266,3 For 1
0167,6Orww7IzqOeh0267,3 For 1
0168,LiYdEskAVfps0268,3 For 1
0169,u7o9gKoWYwW30269,3 For 1
0170,meaUHSU30BkF0270,3 For 1
0171,xGvf0GmlrPUR0271,3 For 1
0172,Tznfslgf6dle0272,3 For 1
0173,1P3AKCk19tSp0273,3 For 1
0174,tvqWvKQYb8g10274,3 For 1
0175,o8zN4PGXrRKB0275,3 For 1
0176,KrsNxuAR6ebO0276,3 For 1
0177,sH7tOLEn9uJZ0277,3 For 1
0178,knuEzTuKb9Wl0278,3 For 1
0179,wQFPiIC2SOHx0279,3 For 1
0180,Ajw513eD6fS70280,3 For 1
0181,j9BbTUiZ9w9I0281,3 For 1
0182,bfyw3cO6bBNU0282,3 For 1
0183,nIJ7nRgoSP7h0283,3 For 1
0184,1b1n5C8z6gIr0284,3 For 1
0185,qQRd7Ne4kt550285,3 For 1
0186,ixDyhVKbC8JH0286,3 For 1
0187,eANpraAaSQyQ0287,3 For 1
0188,9tGpj44UheEe0288,3 For 1
0189,hJVLBW8qkuwp0289,3 For 1
0190,ZpIgmeoNC9A00290,3 For 1
0191,lRcrVS653NuD0291,3 For 1
0192,0lKXoDYGhf5N0292,3 For 1
0193,YBZ3FfcclvmY0293,3 For 1
0194,QhMPqnI9CB0k0294,3 For 1
0195,cJhZZbar3Pkw0295,3 For 1
0196,rdPGsM22igv70296,3 For 1
0197,gSo5tXY7LsiL0297,3 For 1
0198,YybQUfEen8wW0298,3 For 1
0199,TBlIek4d3Qbg0299,3 For 1
0200,yueIWFyXIdrt0300,3 For 1
0201,XKtnyg2sMuZ40301,Admit One
0202,TTMOrjWJAsAS0302,Admit One
0203,e6hZaYo206ue0303,Admit One
0204,tPPGtJGCfO5o0304,Admit One
0205,SpelLlKYienz0305,Admit One
0206,KLR7vt05At0B0306,Admit One
0207,VylHfhIo18lO0307,Admit One
0208,kHTyxSkyfPwY0308,Admit One
0209,Z6tnzdG3Jbjm0309,Admit One
0210,Rcg8Zlwalrxy0310,Admit One
0211,Mqq0jqma19b70311,Admit One
0212,sZi0bKgTGMsK0312,Admit One
0213,QyxW3mkpJdZW0313,Admit One
0214,IVkreuQMlsnh0314,Admit One
0215,U751Nii5c6Xu0315,Admit One
0216,jRmigUAFGOi40316,Admit One
0217,Hr2E7vEbJeQF0317,Admit One
0218,9NpZi3u8ltdR0318,Admit One
0219,bOK31beZC3Ug0319,Admit One
0220,qi1kKM6krLfr0320,Admit One
0221,O8HGloA6ubM20321,Admit One
0222,Ge4bMvqdMqaD0322,Admit One
0223,SHOl5k8LD5KQ0323,Admit One
0224,xzHlyE2FSIbd0324,Admit One
0225,WPWHPg6bVYIo0325,Admit One
0226,OvJd0om8xnW00326,Admit One
0227,J9TUAtc7D6A90327,Admit One
0228,orLU2NW1SJRN0328,Admit One
0229,NHa0UpaNVZ9Y0329,Admit One
0230,FoNL4xGuxpMj0330,Admit One
0231,RQiWolYcn37w0331,Admit One
0232,fkPC6W0nSKI60332,Admit One
0233,E9fiYy49VbzH0333,Admit One
0234,6gS396kgxqDT0334,Admit One
0235,IImEsu2Oo4xg0335,Admit One
0236,n1eEkPwI3IEt0336,Admit One
0237,LRukCq0e6Yv40337,Admit One
0238,Dxh5nygBYn9G0338,Admit One
0239,9Arww3WAo6oP0339,Admit One
0240,etjwpYQ43J4c0340,Admit One
0241,CJySG0UQ6Zmn0341,Admit One
0242,4plnr8AxYo0z0342,Admit One
0243,GS6yawSfP3kC0343,Admit One
0244,Vlnethuq3KvM0344,Admit One
0245,3B3AL9yC6bcX0345,Admit One
0246,vhqWvHejYqqj0346,Admit One
0247,7KAgf5wRP4av0347,Admit One
0248,NXIfLtdjCMMO0348,Admit One
0249,CMiUN49oqZ9c0349,Admit One
0250,4tVpxCpLIoNo0350,Admit One
0251,z6fh7HfLY61x0351,Admit One
0252,UpXhzmZEnKIB0352,Admit One
0253,3FnDRDdaqa0M0353,Admit One
0254,vlaY1LJ7IpDX0354,Admit One
0255,6NuilAbq93yk0355,Admit One
0256,LhcP4v30nL9u0356,Admit One
0257,u7rvVM7Mrbq50357,Admit One
0258,mdeG6UntJr4H0358,Admit One
0259,xFzRpJ5b95oU0359,Admit One
0260,CZg784XmoMze0360,Admit One
0261,1O6x9F3rRYms0361,Admit One
0262,tutIkNjOto040362,Admit One
0263,o739uSZN96fD0363,Admit One
0264,Kqv9mwTHOJvQ0364,Admit One
0265,sGBfEOXdSadb0365,Admit One
0266,kmx0oWDAtpqn0366,Admit One
0267,wPIBYKVsk3b00367,Admit One
0268,Bi0rq5x3PLmA0368,Admit One
0269,j8FNIX1PSbTL0369,Admit One
0270,be2itfhwuqhX0370,Admit One
0271,nHMtcTzek5Rj0371,Admit One
0272,2a4avFRpPMct0372,Admit One
0273,rQUPwPxu3YP70373,Admit One
0274,jwHkXXdRUndJ0374,Admit One
0275,e9RbgcTQk6IT0375,Admit One
0276,9sJbZ7NK0JYg0376,Admit One
0277,hIY70ZRg3ZGr0377,Admit One
0278,aoLSbg7DVpU30378,Admit One
0279,lQgdKVPvL3EF0379,Admit One
0280,0kOKdGr60KPQ0380,Admit One
0281,YAdq5ivS3b6b0381,Admit One
0282,RgQBfqbzVqKm0382,Admit One
0283,cIkLPethL44z0383,Admit One
0284,rcS2iPLs0MF90384,Admit One
0285,gRsrjarxeY2N0385,Admit One
0286,YxfDJiXU6nGZ0386,Admit One
0287,kazN3WpCw11l0387,Admit One
0288,FJsNv1j6BFHz0388,Admit One
0289,ni7tNSnRFVzA0389,Admit One
0290,fFuExaTzgkDL0390,Admit One
0291,bS457fJyw3rV0391,Admit One
0292,6Bw5zADsBG8i0392,Admit One
0293,ebBbRbHDFWpt0393,Admit One
0294,W7yx2jxlhm350394,Admit One
0295,ijJ7lYFTX0nH0395,Admit One
0296,x31o4JheCHyS0396,Admit One
0297,VTGKVllzFYgd0397,Admit One
0298,Nz3f6tRWhntp0398,Admit One
0299,ZbNpphjFX1e10399,Admit One
0300,4KGpiBd8mEuE0400,Admit One
0301,dkVL9dhUqVcP0401,Admit One
0302,VGIhklN1Ikqb0402,Admit One
0303,QUSYuqD1X2Ul0403,Admit One
0304,vCKYmK7unGly0404,Admit One
0305,UcZ4EmBGqWS90405,Admit One
0306,M8MPournIlgL0406,Admit One
0307,XlhaYi9W80QX0407,Admit One
0308,m4OGrUbgnHbh0408,Admit One
0309,LUemIvf2qXJs0409,Admit One
0310,D0R7t3LZInX40410,Admit One
0311,OdlIcrdI81HH0411,Admit One
0312,dxTyvd5SnISR0412,Admit One
0313,SmtowobXRUFf0413,Admit One
0314,KIg9XvH4tkTr0414,Admit One
0315,FVq0h07492700415,Admit One
0316,lEi0ZV1xOFOE0416,Admit One
0317,JexW1x5JRW5P0417,Admit One
0318,SZvBBoDZUhPd0418,Admit One
0319,dCFLucVHKv9q0419,Admit One
0320,sVx2DNxSzCK00420,Admit One
0321,RvCYfp1o2T2B0421,Admit One
0322,JRztFxhLUiFN0422,Admit One
0323,U4K4zlz3Kw0Z0423,Admit One
0324,jN1kHWREzEBk0424,Admit One
0325,YCRZJhxJdQyy0425,Admit One
0326,QjEvtpdq4fC90426,Admit One
0327,LwOm3uTpKyqJ0427,Admit One
0328,rfHmvPNjaB7W0428,Admit One
0329,P5WINqR5dRoh0429,Admit One
0330,HbJdxy7c5h2t0430,Admit One
0331,TDdohnPKvvm50431,Admit One
0332,iXLU0YrVaCxG0432,Admit One
0333,Gxa0R0vrdTfR0433,Admit One
0334,8TNL28bO5itc0434,Admit One
0335,K5iWlwt6vwdp0435,Admit One
0336,ZPPC4hLHaEoz0436,Admit One
0337,NEp25srMEQbD0437,Admit One
0338,FkcNg0XtgfpP0438,Admit One
0339,BxmEq5NswxTZ0439,Admit One
0340,ggeEiZHmBBkm0440,Admit One
0341,E6ukA1L8ERRx0441,Admit One
0342,6ch5k91fggf90442,Admit One
0343,IF1GUxJNWvQL0443,Admit One
0344,XYjxmjlYBCaV0444,Admit One
0345,5yySEApuESIg0445,Admit One
0346,xUlopIVRgiWs0446,Admit One
0347,976yY6n9XwG50447,Admit One
0348,OQnfrsFKBDRF0448,Admit One
0349,wq3BIJJgEU8Q0449,Admit One
0350,oNqWtRzDgjMc0450,Admit One
0351,0zAhcFHvXx6o0451,Admit One
0352,Vi2hVkBpmAN10452,Admit One
0353,48ICwCFApR5C0453,Admit One
0354,we5YXKviHgIO0454,Admit One
0355,rrFPhPlhXyxY0455,Admit One
0356,Ma7PZtfbmCEl0456,Admit One
0357,v0Mv1LjwpSvw0457,Admit One
0358,nW9GbTPTHh980458,Admit One
0359,z8URLHhC8wtK0459,Admit One
0360,DSB7d29MmD4V0460,Admit One
0361,msQd5UDiqTlg0461,Admit One
0362,eODygctFHjzr0462,Admit One
0363,q1Y9PQBy8xk40463,Admit One
0364,LjQ9Hv5rNA0H0464,Admit One
0365,t9gfjM9DQQiS0465,Admit One
0366,lfS0KUpksgve0466,Admit One
0367,gtcrTZfk8yao0467,Admit One
0368,CbVrM4ZdNBr10468,Admit One
0369,k1kNnVdzQSYC0469,Admit One
0370,cYXiOdJWshmO0470,Admit One
0371,oAst7RbFjvWa0471,Admit One
0372,3UZaQD3PNDhk0472,Admit One
0373,bto5se7lRTOv0473,Admit One
0374,TQbRSmnItic70474,Admit One
0375,f2wbCb51jxNK0475,Admit One
0376,uMeIVMXBOEYU0476,Admit One
0377,jB37WX3G1QLi0477,Admit One
0378,bhqS6fjnTgZu0478,Admit One
0379,Wu0KGkZnjyD30479,Admit One
0380,1dtK9ETgyBUG0480,Admit One
0381,a38pagX22SBR0481,Admit One
0382,SZvBBoDZUhPd0482,Admit One
0383,dCFLucVHKv9q0483,Admit One
0384,sVx2DNxSzCK00484,Admit One
0385,RvCYfp1o2T2B0485,Admit One
0386,JRztFxhLUiFN0486,Admit One
0387,U4K4zlz3Kw0Z0487,Admit One
0388,jN1kHWREzEBk0488,Admit One
0389,YCRZJhxJdQyy0489,Admit One
0390,QjEvtpdq4fC90490,Admit One
0391,LwOm3uTpKyqJ0491,Admit One
0392,rfHmvPNjaB7W0492,Admit One
0393,P5WINqR5dRoh0493,Admit One
0394,HbJdxy7c5h2t0494,Admit One
0395,TDdohnPKvvm50495,Admit One
0396,iXLU0YrVaCxG0496,Admit One
0397,Gxa0R0vrdTfR0497,Admit One
0398,8TNL28bO5itc0498,Admit One
0399,K5iWlwt6vwdp0499,Admit One
0400,ZPPC4hLHaEoz0500,Admit One
0401,NEp25srMEQbD0501,Admit One
0402,FkcNg0XtgfpP0502,Admit One
0403,BxmEq5NswxTZ0503,Admit One
0404,ggeEiZHmBBkm0504,Admit One
0405,E6ukA1L8ERRx0505,Admit One
0406,6ch5k91fggf90506,Admit One
0407,IF1GUxJNWvQL0507,Admit One
0408,XYjxmjlYBCaV0508,Admit One
0409,5yySEApuESIg0509,Admit One
0410,xUlopIVRgiWs0510,Admit One
0411,976yY6n9XwG50511,Admit One
0412,OQnfrsFKBDRF0512,Admit One
0413,wq3BIJJgEU8Q0513,Admit One
0414,oNqWtRzDgjMc0514,Admit One
0415,0zAhcFHvXx6o0515,Admit One
0416,Vi2hVkBpmAN10516,Admit One
0417,48ICwCFApR5C0517,Admit One
0418,we5YXKviHgIO0518,Admit One
0419,rrFPhPlhXyxY0519,Admit One
0420,Ma7PZtfbmCEl0520,Admit One
0421,v0Mv1LjwpSvw0521,Admit One
0422,nW9GbTPTHh980522,Admit One
0423,z8URLHhC8wtK0523,Admit One
0424,DSB7d29MmD4V0524,Admit One
0425,msQd5UDiqTlg0525,Admit One
0426,eODygctFHjzr0526,Admit One
0427,q1Y9PQBy8xk40527,Admit One
0428,LjQ9Hv5rNA0H0528,Admit One
0429,t9gfjM9DQQiS0529,Admit One
0430,lfS0KUpksgve0530,Admit One
0431,gtcrTZfk8yao0531,Admit One
0432,CbVrM4ZdNBr10532,Admit One
0433,k1kNnVdzQSYC0533,Admit One
0434,cYXiOdJWshmO0534,Admit One
0435,oAst7RbFjvWa0535,Admit One
0436,3UZaQD3PNDhk0536,Admit One
0437,bto5se7lRTOv0537,Admit One
0438,TQbRSmnItic70538,Admit One
0439,f2wbCb51jxNK0539,Admit One
0440,uMeIVMXBOEYU0540,Admit One
0441,jB37WX3G1QLi0541,Admit One
0442,bhqS6fjnTgZu0542,Admit One
0443,Wu0KGkZnjyD30543,Admit One
0444,1dtK9ETgyBUG0544,Admit One
0445,a38pagX22SBR0545,Admit One
0446,SZvBBoDZUhPd0546,Admit One
0447,dCFLucVHKv9q0547,Admit One
0448,sVx2DNxSzCK00548,Admit One
0449,RvCYfp1o2T2B0549,Admit One
0450,JRztFxhLUiFN0550,Admit One
0451,U4K4zlz3Kw0Z0551,Admit One
0452,jN1kHWREzEBk0552,Admit One
0453,YCRZJhxJdQyy0553,Admit One
0454,QjEvtpdq4fC90554,Admit One
0455,LwOm3uTpKyqJ0555,Admit One
0456,rfHmvPNjaB7W0556,Admit One
0457,P5WINqR5dRoh0557,Admit One
0458,HbJdxy7c5h2t0558,Admit One
0459,TDdohnPKvvm50559,Admit One
0460,iXLU0YrVaCxG0560,Admit One
0461,Gxa0R0vrdTfR0561,Admit One
0462,8TNL28bO5itc0562,Admit One
0463,K5iWlwt6vwdp0563,Admit One
0464,ZPPC4hLHaEoz0564,Admit One
0465,NEp25srMEQbD0565,Admit One
0466,FkcNg0XtgfpP0566,Admit One
0467,BxmEq5NswxTZ0567,Admit One
0468,ggeEiZHmBBkm0568,Admit One
0469,E6ukA1L8ERRx0569,Admit One
0470,6ch5k91fggf90570,Admit One
0471,MsiWms6HtenX0571,Admit One
0472,bBPC5eYSXvyh0572,Admit One
0473,9bfiW5cnbCfs0573,Admit One
0474,17S37DIL2Rt40574,Admit One
0475,DkmEq1a3tfdG0575,Admit One
0476,S3Uv9n2DYwoR0576,Admit One
0477,0TjRbE6ZbDWc0577,Admit One
0478,szWmBMm63Sjn0578,Admit One
0479,4crwvA4ptgU00579,Admit One
0480,ZLjwnfyi8ukD0580,Admit One
0481,8kySF724CASO0581,Admit One
0482,0HlopFibdPga0582,Admit One
0483,vUvfzKYbtiKj0583,Admit One
0484,QDnfsoSU8vbx0584,Admit One
0485,zd3BJGWqCBI80585,Admit One
0486,r9qWuOCNeRWJ0586,Admit One
0487,2lAgdCU6UfGW0587,Admit One
0488,H5sNwxwG9wRg0588,Admit One
0489,qV7tOP0cCD9r0589,Admit One
0490,i1uEyXg9eSM30590,Admit One
0491,tdFPiLysUg7F0591,Admit One
0492,PM7PaqsljtOT0592,Admit One
0493,xmMv2Hw7nA5e0593,Admit One
0494,pI9GcPceFPJp0594,Admit One
0495,kVJ7mUSeUhxz0595,Admit One
0496,GEB7ezMXkvEC0596,Admit One
0497,oeQd6QQtnBvN0597,Admit One
0498,gADygY6QFQ9Z0598,Admit One
0499,snY9QMO85ftm0599,Admit One
0500,76Gpj8qJkw4w0600,Admit One
0501,fWVLAZufnCm70601,Admit One
0502,X2IglhaCFS0J0602,Admit One
0503,jfcrUWsu5gkV0603,Admit One
0504,yzKYnHK5kxvf0604,Admit One
0505,nokNoSqAO9it0605,Admit One
0506,fKXiPaWhqPw50606,Admit One
0507,aXhZZfMg6haF0607,Admit One
0508,5GZZR9GaLurS0608,Admit One
0509,dgo5tbKwOBYd0609,Admit One
0510,WCbRTj0TqQmp0610,Admit One
0511,howbDXIBgeX10611,Admit One
0512,w8eIVIkMLwhC0612,Admit One
0513,UYtoxkoiOCPN0613,Admit One
0514,N4g9YsUFqRdY0614,Admit One
0515,Yh0JHgmxhgNl0615,Admit One
0516,n0i0aRE8LxYv0616,Admit One
0517,cp8pbckDz9L90617,Admit One
0518,ULvBCkQkROZL0618,Admit One
0519,PZ52LpGjhhDU0619,Admit One
0520,uHx2EKAdwuUi0620,Admit One
0521,ThCYflEzzACt0621,Admit One
0522,LDztGtuWRQP40622,Admit One
0523,XqK3ziCEIeAH0623,Admit One
0524,lA1kITePwvLR0624,Admit One
0525,KZHGkvilzC2c0625,Admit One
0526,C64bK3OIRRGo0626,Admit One
0527,OiOm4rg0If010627,Admit One
0528,c26SMc8BwxBB0628,Admit One
0529,RrWIOneGa9yP0629,Admit One
0530,JNJdyvKn2OCb0630,Admit One
0531,FaTU80AmIhrk0631,Admit One
0532,kJLU0U4gXu7x0632,Admit One
0533,Ija0Sw81aAp80633,Admit One
0534,AFNL34oZ2Q3K0634,Admit One
0535,MsiWms6HtenX0635,Admit One
0536,bBPC5eYSXvyh0636,Admit One
0537,9bfiW5cnbCfs0637,Admit One
0538,17S37DIL2Rt40638,Admit One
0539,DkmEq1a3tfdG0639,Admit One
0540,S3Uv9n2DYwoR0640,Admit One
0541,0TjRbE6ZbDWc0641,Admit One
0542,szWmBMm63Sjn0642,Admit One
0543,4crwvA4ptgU00643,Admit One
0544,ZLjwnfyi8ukD0644,Admit One
0545,8kySF724CASO0645,Admit One
0546,0HlopFibdPga0646,Admit One
0547,vUvfzKYbtiKj0647,Admit One
0548,QDnfsoSU8vbx0648,Admit One
0549,zd3BJGWqCBI80649,Admit One
0550,r9qWuOCNeRWJ0650,Admit One
0551,2lAgdCU6UfGW0651,Admit One
0552,H5sNwxwG9wRg0652,Admit One
0553,qV7tOP0cCD9r0653,Admit One
0554,i1uEyXg9eSM30654,Admit One
0555,tdFPiLysUg7F0655,Admit One
0556,PM7PaqsljtOT0656,Admit One
0557,xmMv2Hw7nA5e0657,Admit One
0558,pI9GcPceFPJp0658,Admit One
0559,kVJ7mUSeUhxz0659,Admit One
0560,GEB7ezMXkvEC0660,Admit One
0561,oeQd6QQtnBvN0661,Admit One
0562,gADygY6QFQ9Z0662,Admit One
0563,snY9QMO85ftm0663,Admit One
0564,76Gpj8qJkw4w0664,Admit One
0565,fWVLAZufnCm70665,Admit One
0566,X2IglhaCFS0J0666,Admit One
0567,jfcrUWsu5gkV0667,Admit One
0568,yzKYnHK5kxvf0668,Admit One
0569,nokNoSqAO9it0669,Admit One
0570,fKXiPaWhqPw50670,Admit One
0571,aXhZZfMg6haF0671,Admit One
0572,5GZZR9GaLurS0672,Admit One
0573,dgo5tbKwOBYd0673,Admit One
0574,WCbRTj0TqQmp0674,Admit One
0575,howbDXIBgeX10675,Admit One
0576,w8eIVIkMLwhC0676,Admit One
0577,UYtoxkoiOCPN0677,Admit One
0578,N4g9YsUFqRdY0678,Admit One
0579,Yh0JHgmxhgNl0679,Admit One
0580,n0i0aRE8LxYv0680,Admit One
0581,cp8pbckDz9L90681,Admit One
0582,ULvBCkQkROZL0682,Admit One
0583,PZ52LpGjhhDU0683,Admit One
0584,uHx2EKAdwuUi0684,Admit One
0585,ThCYflEzzACt0685,Admit One
0586,LDztGtuWRQP40686,Admit One
0587,XqK3ziCEIeAH0687,Admit One
0588,lA1kITePwvLR0688,Admit One
0589,KZHGkvilzC2c0689,Admit One
0590,C64bK3OIRRGo0690,Admit One
0591,OiOm4rg0If010691,Admit One
0592,c26SMc8BwxBB0692,Admit One
0593,RrWIOneGa9yP0693,Admit One
0594,JNJdyvKn2OCb0694,Admit One
0595,FaTU80AmIhrk0695,Admit One
0596,kJLU0U4gXu7x0696,Admit One
0597,Ija0Sw81aAp80697,Admit One
0598,AFNL34oZ2Q3K0698,Admit One
0599,MsiWms6HtenX0699,Admit One
0600,bBPC5eYSXvyh0700,Admit One
0601,9bfiW5cnbCfs0701,Admit One
0602,17S37DIL2Rt40702,Admit One
0603,DkmEq1a3tfdG0703,Admit One
0604,S3Uv9n2DYwoR0704,Admit One
0605,0TjRbE6ZbDWc0705,Admit One
0606,szWmBMm63Sjn0706,Admit One
0607,4crwvA4ptgU00707,Admit One
0608,ZLjwnfyi8ukD0708,Admit One
0609,8kySF724CASO0709,Admit One
0610,0HlopFibdPga0710,Admit One
0611,vUvfzKYbtiKj0711,Admit One
0612,QDnfsoSU8vbx0712,Admit One
0613,zd3BJGWqCBI80713,Admit One
0614,r9qWuOCNeRWJ0714,Admit One
0615,2lAgdCU6UfGW0715,Admit One
0616,H5sNwxwG9wRg0716,Admit One
0617,qV7tOP0cCD9r0717,Admit One
0618,i1uEyXg9eSM30718,Admit One
0619,DlfgCw0NIKzB0719,Admit One
0620,iUXg4RuGXXGP0720,Admit One
0621,GunCWsycboxa0721,Admit One
0622,8QaX60e933Bl0722,Admit One
0623,4dkOG5U9ILqv0723,Admit One
0624,ZMcO9aO2YZ680724,Admit One
0625,7mrua1SObpoJ0725,Admit One
0626,zIeFB98v342V0726,Admit One
0627,BvzQuyQetJmh0727,Admit One
0628,QEg6DjsoYaxs0728,Admit One
0629,yewcfAwAbqe30729,Admit One
0630,qAixFIch36sF0730,Admit One
0631,2n38z7uQtKcR0731,Admit One
0632,H6lpHsMaYbnb0732,Admit One
0633,6wBeJ3sfCnap0733,Admit One
0634,ySyztBYCe3o10734,Admit One
0635,tf7q3GOCuLTB0735,Admit One
0636,OO0qvkI59YjO0736,Admit One
0637,xoFMNCMRCpRZ0737,Admit One
0638,pK2ixK2ye4fl0738,Admit One
0639,1wNsh8KgUIPx0739,Admit One
0640,FG4Z0tmr9aa70740,Admit One
0641,ogJ5RLqDCqHI0741,Admit One
0642,gC6Q2TWke5VU0742,Admit One
0643,soRalHoSVKFh0743,Admit One
0644,689H43Gd9bQr0744,Admit One
0645,vxZ65DminnD50745,Admit One
0646,nTLSgLSFF2RH0746,Admit One
0647,ihVJqQIEVL6Q0747,Admit One
0648,EPOJivC8kYNd0748,Admit One
0649,mpdpANGUno4p0749,Admit One
0650,eLQAkUw1F4I00750,Admit One
0651,qykKUJEj6I2D0751,Admit One
0652,5HS1m4gukZDN0752,Admit One
0653,dhhXEWkGnquY0753,Admit One
0654,VEUspeQnF58k0754,Admit One
0655,hqp3YSiV6Jsw0755,Admit One
0656,wAXjrDAgkb370756,Admit One
0657,lzwZsOglOnrL0757,Admit One
0658,dVjuTWMIq24W0758,Admit One
0659,YitlcbCH6Ljg0759,Admit One
0660,3RmlV56BLY0t0760,Admit One
0661,cr1HwXAXOoh40761,Admit One
0662,UNocXfq4q4vG0762,Admit One
0663,fz8nGT8mhIfS0763,Admit One
0664,uJqTZFaxLZqd0764,Admit One
0665,Tj5z1geJOqXo0765,Admit One
0666,LFsLboKqq5l00766,Admit One
0667,WsDVLccYhJWC0767,Admit One
0668,lBuCdO4jLagM0768,Admit One
0669,KbAi5p84PrOX0769,Admit One
0670,C7x3gxocr6cj0770,Admit One
0671,NkHDPl6KhKMw0771,Admit One
0672,tS9DHG0EwYd90772,Admit One
0673,RsPjji4ZzoKK0773,Admit One
0674,JPC5Kqk7R3YW0774,Admit One
0675,EcMwTva6hMCf0775,Admit One
0676,kLEwMPUzwZTs0776,Admit One
0677,IkTSnrYL0pB30777,Admit One
0678,AHGnOzEsS5OF0778,Admit One
0679,Mtbx7nWbIJ9S0779,Admit One
0680,bDIeQYylxaKc0780,Admit One
0681,9dYAs0270r1n0781,Admit One
0682,19LVS8ieS6Fz0782,Admit One
0683,DlfgCw0NIKzB0783,Admit One
0684,iUXg4RuGXXGP0784,Admit One
0685,GunCWsycboxa0785,Admit One
0686,8QaX60e933Bl0786,Admit One
0687,4dkOG5U9ILqv0787,Admit One
0688,ZMcO9aO2YZ680788,Admit One
0689,7mrua1SObpoJ0789,Admit One
0690,zIeFB98v342V0790,Admit One
0691,BvzQuyQetJmh0791,Admit One
0692,QEg6DjsoYaxs0792,Admit One
0693,yewcfAwAbqe30793,Admit One
0694,qAixFIch36sF0794,Admit One
0695,2n38z7uQtKcR0795,Admit One
0696,H6lpHsMaYbnb0796,Admit One
0697,6wBeJ3sfCnap0797,Admit One
0698,ySyztBYCe3o10798,Admit One
0699,tf7q3GOCuLTB0799,Admit One
0700,OO0qvkI59YjO0800,Admit One
0701,xoFMNCMRCpRZ0801,Admit One
0702,pK2ixK2ye4fl0802,Admit One
0703,1wNsh8KgUIPx0803,Admit One
0704,FG4Z0tmr9aa70804,Admit One
0705,ogJ5RLqDCqHI0805,Admit One
0706,gC6Q2TWke5VU0806,Admit One
0707,soRalHoSVKFh0807,Admit One
0708,689H43Gd9bQr0808,Admit One
0709,vxZ65DminnD50809,Admit One
0710,nTLSgLSFF2RH0810,Admit One
0711,ihVJqQIEVL6Q0811,Admit One
0712,EPOJivC8kYNd0812,Admit One
0713,mpdpANGUno4p0813,Admit One
0714,SZw6TgIC1rZ90814,Admit One
0715,dBGHCUaur5JL0815,Admit One
0716,sVyxVG25WNUW0816,Admit One
0717,RvDTxh6RZdCh0817,Admit One
0718,JR0pXpmy1sQt0818,Admit One
0719,U4LzHe4gs7A50819,Admit One
0720,jN2gaPWrWOLF0820,Admit One
0721,YCSVba2wAa8T0821,Admit One
0722,QiFqBiiTcqMf0822,Admit One
0723,LwPhLnYSs80p0823,Admit One
0724,reHhEHSM7LH20824,Admit One
0725,P4XDfjWhAcyD0825,Admit One
0726,HbKZGrCFcrCP0826,Admit One
0727,TDejzfUxS5xb0827,Admit One
0728,iXMQIQw87N8l0828,Admit One
0729,Gxbwks0TAdpw0829,Admit One
0730,8TOHK0g1cs380830,Admit One
0731,K5jR4oyjT6nL0831,Admit One
0732,ZPQ8MZQu7OyV0832,Admit One
0733,7pgeo1UFAefg0833,Admit One
0734,zLTzO9Amcuts0834,Admit One
0735,BxnA8xSVT8d40835,Admit One
0736,ggfA0SMOiLuI0836,Admit One
0737,VV5z2dsTMXhV0837,Admit One
0738,N1sKclY0omvh0838,Admit One
0739,IF2CmqO045ar0839,Admit One
0740,nxuCeKItJIq40840,Admit One
0741,MNAh6mMFMYYF0841,Admit One
0742,Etx3gu2moomR0842,Admit One
0743,QWHDQiKVe2Wd0843,Admit One
0744,eqzujTmfJJho0844,Admit One
0745,DFEQAvq1MaOz0845,Admit One
0746,5m1ll3WYopcA0846,Admit One
0747,HOMwUroHf3MN0847,Admit One
0748,m7EwNMiAuHda0848,Admit One
0749,KXTRonmWxXLl0849,Admit One
0750,C3GnPvS3PmYx0850,Admit One
0751,8GQeZ0I3f5D60851,Admit One
0752,dzIeRVCwuIUK0852,Admit One
0753,BPYAtwGIxYBV0853,Admit One
0754,3vLVT4wpPoPh0854,Admit One
0755,FYfgDtEXG29t0855,Admit One
0756,UrNMVegiuJK30856,Admit One
0757,JgnBXpCnYV7H0857,Admit One
0758,BCaX7xsK0lLT0858,Admit One
0759,MpuhrlA2qz5f0859,Admit One
0760,b8cO9WcDVGGq0860,Admit One
0761,Qx2DBh8I9S340861,Admit One
0762,IUpYlpopbiHF0862,Admit One
0763,DhzQvueor0wP0863,Admit One
0764,jQrQnPYi6DCc0864,Admit One
0765,Hq6wFqc49Uun0865,Admit One
0766,9MtHqyIbbj8z0866,Admit One
0767,LyERZmaJRxsC0867,Admit One
0768,aIv8sY2U6F3M0868,Admit One
0769,8iBeJz6q9VkX0869,Admit One
0770,0Eyzu7mNbkyj0870,Admit One
0771,CqIAdv45Sziv0871,Admit One
0772,RA0qwhWG6Gt50872,Admit One
0773,GzQgxs2LkShJ0873,Admit One
0774,8VD1Y0isChuV0874,Admit One
0775,3jNsi5YrS0Zf0875,Admit One
0776,YRFsaZSlhDqs0876,Admit One
0777,7rUO21W7kTX30877,Admit One
0778,zNHjc9CeCjlF0878,Admit One
0779,A0cuMxUM3xVR0879,Admit One
0780,PJJaeiwXhEgc0880,Admit One
0781,yjZ66A0tkVNn0881,Admit One
0782,qGLRhIgQCkby0882,Admit One
0783,1sgcQ6y83yMB0883,Admit One
0784,GCOJjrQJhGWL0884,Admit One
0785,51o8k2wNLSKZ0885,Admit One
0786,xXbTLAcvnhYl0886,Admit One
0787,skkKUFSu30Cu0887,Admit One
0788,OTdKNkMoIDT80888,Admit One
0789,wtsqoBQ9LTAJ0889,Admit One
0790,oPfBPJ6gnjOU0890,Admit One
0791,010M88OPex8h0891,Admit One
0792,ELh3RtqZIEJr0892,Admit One
0793,nlwZtKuvLV120893,Admit One
0794,fHjuTSaSnkEE0894,Admit One
0795,ru44DHsBeyzR0895,Admit One
0796,5DmlW2KLIFAb0896,Admit One
0797,ed1HxUOhMWrm0897,Admit One
0798,W9ocYc4Eol5y0898,Admit One
0799,im8nHQMxezpA0899,Admit One
0800,DU1nAuGqtD6N0900,Admit One
0801,luGJbMKCwTnY0901,Admit One
0802,dR3eCU0jOi1k0902,Admit One
0803,ZeDVMZqje1gu0903,Admit One
0804,4N5VE3kctEw70904,Admit One
0805,cmK1gVoyxUeI0905,Admit One
0806,UJ7MGdUVPkrU0906,Admit One
0807,gvSX0RmEFycg0907,Admit One
0808,vF9DIDEOuFnr0908,Admit One
0809,UZp18hWs6X5K0909,Admit One
0810,M5cNipCPYmJW0910,Admit One
0811,YhxXSeU7O03i0911,Admit One
0812,3QpXK8O1dDKw0912,Admit One
0813,cq43maSNhU170913,Admit One
0814,UMrOMi8u9jFI0914,Admit One
0815,PZ1GWnytO1tS0915,Admit One
0816,uIuGOHsneFAf0916,Admit One
0817,Ti9lqjw9hVsq0917,Admit One
0818,LEw7Rrcg9k520918,Admit One
0819,WrGHAfuOzzqE0919,Admit One
0820,lAyyTQMZeG1P0920,Admit One
0821,KaDUusQvhWia0921,Admit One
0822,C60pV06S9mwm0922,Admit One
0823,NjL0EoOAz0gy0923,Admit One
0824,c22gXZqLeHr80924,Admit One
0825,RsSVYkMPITeM0925,Admit One
0826,JOFr9s2xkjsY0926,Admit One
0827,EbPiJxsw01Wi0927,Admit One
0828,kKHiBSmqFEnv0928,Admit One
0829,IkXEdtqBIVV60929,Admit One
0830,AGKZD1WjkkiI0930,Admit One
0831,MsekxqoRayTU0931,Admit One
0832,bCMQGbGbFGee0932,Admit One
0833,9cbwh3KxIWLq0933,Admit One
0834,18OHIA0UklZ10934,Admit One
0835,DkjS1zIDb0JE0935,Admit One
0836,S4Q8KkkNFHUO0936,Admit One
0837,HtqyLvGStTHc0937,Admit One
0838,9PdJw3wzLiVo0938,Admit One
0839,4dnA68mzb1Ax0939,Admit One
0840,ZLfAycgsqEQB0940,Admit One
0841,8lvgQ4kEtU8M0941,Admit One
0842,0Hi10CQlLkMX0942,Admit One
0843,Bu2Cj0iUCy6k0943,Admit One
0844,QDkt2lAeqFHu0944,Admit One
0845,zdzOUDE0tWy50945,Admit One
0846,rAmk4LuXLlCH0946,Admit One
0847,2m7uo9CGCzwT0947,Admit One
0848,H6ob7veQqH7e0948,Admit One
0849,6vEQ85AVUTus0949,Admit One
0850,yR1liDq2wi830950,Admit One
0851,teBdsIg2C1nD0951,Admit One
0852,PN3dlnavRE3Q0952,Admit One
0853,xnJ8CFeHUUlb0953,Admit One
0854,pJ5UnNKowkzn0954,Admit One
0855,1vQeWBcWnyj00955,Admit One
0856,FF8Lpw4hRFuA0956,Admit One
0857,ofNrHO83VWbL0957,Admit One
0858,gBACrWoawlpX0958,Admit One
0859,soVNbK6InzZj0959,Admit One
0860,67C3t5YTRGkt0960,Admit One
0861,fXRZLXcpVXS40961,Admit One
0862,X3EuwfIMxmgG0962,Admit One
0863,jgZ5fTa4n0QT0963,Admit One
0864,EPR5XyUy2Ehg0964,Admit One
0865,mogbzPYK5UOr0965,Admit One
0866,eLTwZXErXjc30966,Admit One
0867,aYdnjc4qn2GC0967,Admit One
0868,5HWnc7yk2FXQ0968,Admit One
0869,dhlJ3Y266VEb0969,Admit One
0870,VDYeegidYlSm0970,Admit One
0871,hpspNU0LOzDz0971,Admit One
0872,w9aVgGSW3GN90972,Admit One
0873,UZp18hWs6X5K0973,Admit One
0874,M5cNipCPYmJW0974,Admit One
0875,YhxXSeU7O03i0975,Admit One
0876,3QpXK8O1dDKw0976,Admit One
0877,cq43maSNhU170977,Admit One
0878,UMrOMi8u9jFI0978,Admit One
0879,PZ1GWnytO1tS0979,Admit One
0880,uIuGOHsneFAf0980,Admit One
0881,Ti9lqjw9hVsq0981,Admit One
0882,LEw7Rrcg9k520982,Admit One
0883,WrGHAfuOzzqE0983,Admit One
0884,lAyyTQMZeG1P0984,Admit One
0885,KaDUusQvhWia0985,Admit One
0886,C60pV06S9mwm0986,Admit One
0887,NjL0EoOAz0gy0987,Admit One
0888,c22gXZqLeHr80988,Admit One
0889,RsSVYkMPITeM0989,Admit One
0890,JOFr9s2xkjsY0990,Admit One
0891,EbPiJxsw01Wi0991,Admit One
0892,kKHiBSmqFEnv0992,Admit One
0893,IkXEdtqBIVV60993,Admit One
0894,AGKZD1WjkkiI0994,Admit One
0895,MsekxqoRayTU0995,Admit One
0896,bCMQGbGbFGee0996,Admit One
0897,9cbwh3KxIWLq0997,Admit One
0898,18OHIA0UklZ10998,Admit One
0899,DkjS1zIDb0JE0999,Admit One
0900,S4Q8KkkNFHUO1000,Admit One
0901,PzyJ7BpnscZX0001,Complimentary
0902,oK6IqlPmVjzp0002,Complimentary
0903,0wRSaZhULyj10003,Complimentary
0904,VfJSS4bOaB0F0004,Complimentary
0905,45YyuWfkeRhQ0005,Complimentary
0906,wbLJUeLH6gvb0006,Complimentary
0907,roVBejBGLzZl0007,Complimentary
0908,MXOBXD5AbCqy0008,Complimentary
0909,vxdgyf9WeSY90009,Complimentary
0910,nTQ2Znp36ilL0010,Complimentary
0911,y6kCIb7lwwWX0011,Complimentary
0912,DPStbMZwbDhi0012,Complimentary
0913,mphP3odHeUOt0013,Complimentary
0914,eLUkdwJp6jc50014,Complimentary
0915,pypvNkbXwxMH0015,Complimentary
0916,LhhvFFVRCBdU0016,Complimentary
0917,t7wQhgZmFRKf0017,Complimentary
0918,ldjmHoFJhgYr0018,Complimentary
0919,gqtdRt5JxzC10019,Complimentary
0920,CZldJOzCCCTE0020,Complimentary
0921,kz19lp3YFSBP0021,Complimentary
0922,cVoUMxj5hhOb0022,Complimentary
0923,o78f5m1oXw9n0023,Complimentary
0924,3RqLOXTyCDKx0024,Complimentary
0925,br5rpyXKFT190025,Complimentary
0926,TNsCQ6DrhjFK0026,Complimentary
0927,fzDN9vVaYxzX0027,Complimentary
0928,uJu3SgxkCEAh0028,Complimentary
0929,j8KtTrTpqRxv0029,Complimentary
0930,be7E4z9MIgB70030,Complimentary
0931,WsH5E4zMYyqG0031,Complimentary
0932,1a956YtFnC6U0032,Complimentary
0933,a0PbY0xbqSof0033,Complimentary
0934,SWCw88d8Ih2q0034,Complimentary
0935,d9W7swvr9vm30035,Complimentary
0936,sTEnAhN1nDxD0036,Complimentary
0937,RsTJc9RNqTeO0037,Complimentary
0938,JPGfDH7uIjsa0038,Complimentary
0939,U1bpw5Pd9xcm0039,Complimentary
0940,jLIWFrrnnEnx0040,Complimentary
0941,YAiLG1NsRQaB0041,Complimentary
0942,QgVgr93PtgoM0042,Complimentary
0943,LtfY0EtO9yTW0043,Complimentary
0944,rcXYtjnIOBjj0044,Complimentary
0945,P2n3KBreRSRu0045,Complimentary
0946,HYZPvIXBthf60046,Complimentary
0947,0zFCoZjLvnbO0047,Complimentary
0948,EIxt6LBWa4mZ0048,Complimentary
0949,niCPYmFsdLTk0049,Complimentary
0950,fFzk9uvP5ahv0050,Complimentary
0951,rrKvsiD7voR80051,Complimentary
0952,5B1bBUfIa6cI0052,Complimentary
0953,u0RQCeBNEIPW0053,Complimentary
0954,mWEmnmrufXdi0054,Complimentary
0955,ijOdwrhtvpHs0055,Complimentary
0956,DSGdpMbnB3Y50056,Complimentary
0957,lsW9Gof9EJGG0057,Complimentary
0958,dOJUrwLggYTS0058,Complimentary
0959,p0dfakdOWnEe0059,Complimentary
0960,4KLLtV5ZB4Po0060,Complimentary
0961,ckarLx9vEK6z0061,Complimentary
0962,UGNCv5pSgaKB0062,Complimentary
0963,gtiNft7AWo4O0063,Complimentary
0964,vCP3xeZLB5FY0064,Complimentary
0965,TcfZP6dhEMwj0065,Complimentary
0966,L8Sv0EJEgbAv0066,Complimentary
0967,Xlm5j2bwWpv70067,Complimentary
0968,2Te5bXVqm2BK0068,Complimentary
0969,btub3yZBpJtV0069,Complimentary
0970,TQhwe6FjHY7h0070,Complimentary
0971,OdrnnB5iXqlr0071,Complimentary
0972,tMjnggzcm4240072,Complimentary
0973,SmyJ773xpKjF0073,Complimentary
0974,KIlfiFjVHZxR0074,Complimentary
0975,Vu6pR31D7ohd0075,Complimentary
0976,kEnWkpTOm5so0076,Complimentary
0977,Je22CGXjpLaz0077,Complimentary
0978,BApNmODGHbnA0078,Complimentary
0979,MmAXWDVz8pYN0079,Complimentary
0980,sV2XOhPsN2oa0080,Complimentary
0981,QvI3q9TEQIWl0081,Complimentary
0982,IR4PQH9lsYkx0082,Complimentary
0983,DeEGaMzl8qO60083,Complimentary
0984,jN7GTqteN3fK0084,Complimentary
0985,HnMmuIx0QKMV0085,Complimentary
0986,9J97VQdXsZag0086,Complimentary
0987,LwTIEEvGjnKt0087,Complimentary
0988,aFByXzNQN5V30088,Complimentary
0989,8fQUzRRmQLDE0089,Complimentary
0990,0BDpZZ7JsaRQ0090,Complimentary
0991,CoY0JNP2jpBd0091,Complimentary
0992,R7Ggb8rCN6Mn0092,Complimentary
0993,FxfWdJNH1I910093,Complimentary
0994,8TSrDR3oTYND0094,Complimentary
0995,3gciNWtojq1M0095,Complimentary
0996,YPViF1nhy3IZ0096,Complimentary
0997,6pkEhSr31Kzk0097,Complimentary
0998,zLXZHaXaTZDw0098,Complimentary
0999,Axrk1PpJKnx90099,Complimentary
1000,PHZQKAHTy48J0100,Complimentary
