0001,0001ZDn1!^RvgC%C,EB $150
0002,0002xwzksW6Dn1qg,EB $150
0003,0003HeZRSK9Dn1*d,EB $150
0004,0004BDn12zEnBgvw,EB $150
0005,0005Dix8uYQRDn1!,EB $150
0006,0006giqDn1p2TWfl,EB $150
0007,0007iUNEW7r0Dn1u,EB $150
0008,0008tuRh$rIDn18C,EB $150
0009,0009ZHyDn1x*bneT,EB $150
0010,00100RDrDn1LRlA0,EB $150
0011,0011OWDDn1FE#D&B,EB $150
0012,0012PhDn1tJ@cLF!,EB $150
0013,0013llLDn13*DF62,EB $150
0014,0014tL&WF@8qwDn1,EB $150
0015,0015QD#7MyurBDn1,EB $150
0016,0016@QiDn19f*P8H,EB $150
0017,0017fr$Dn1@!K8vF,EB $150
0018,0018lsxDn1UUcYsu,EB $150
0019,0019gW1Dn1$nIS9t,EB $150
0020,0020bY%rUy8GpDn1,EB $150
0021,0021I4P*WXDn1kxn,EB $150
0022,0022l0dcDn1r9LER,EB $150
0023,0023M2GXDn1xKZr2,EB $150
0024,0024aNDn1a!dG*gz,EB $150
0025,0025Pr^yDn12mspv,EB $150
0026,0026E5ydY8Dn1I%4,EB $150
0027,0027mdcASX2%rDn1,EB $150
0028,0028GtzRpXDn1f&&,EB $150
0029,0029lKa%LoYfDn1p,EB $150
0030,0030T8Fa69Dn1M#%,EB $150
0031,0031Dn1IG2XjXEsX,EB $150
0032,00322hJ76!Dn1ekQ,EB $150
0033,0033koeSDn1Un4Zm,EB $150
0034,0034pFbL@!Dn1%uE,EB $150
0035,0035Y#Ox8Dn1aGue,EB $150
0036,0036L%X%$9GSiDn1,EB $150
0037,0037Dn11tacXfu7g,EB $150
0038,0038QabDn1*d6Ki4,EB $150
0039,0039F@U@c0eDn10Z,EB $150
0040,0040CRPZ%s9Dn1PN,EB $150
0041,0041gOQ!ZiobbDn1,EB $150
0042,0042t8Q@1EMzoDn1,EB $150
0043,0043BXpyYX^Dn12@,EB $150
0044,0044tCY^xNNx6Dn1,EB $150
0045,0045AsRZ850Dn1%C,EB $150
0046,0046Db*TW#mZDn1F,EB $150
0047,0047XZOYlGWY2Dn1,EB $150
0048,0048Dn1X$bPT45#c,EB $150
0049,0049beDn1hOL7baO,EB $150
0050,0050%$EDn1UAMcZz,EB $150
0051,0051AeR&$Dn1mcSD,EB $150
0052,00529&tyldDn1eX$,EB $150
0053,00530vQCBDn16NDb,EB $150
0054,0054pS4iynFDn1ZS,EB $150
0055,0055Dn1f6XOOV8Cy,EB $150
0056,0056JOomoDn1LFU%,EB $150
0057,0057!jnGDn1Eb#RO,EB $150
0058,0058Dn1kT@P#TiBJ,EB $150
0059,0059$PIsHptZLDn1,EB $150
0060,0060dFV$UDn1!xd*,EB $150
0061,0061ys5@X#Dn14y!,EB $150
0062,0062Ar&LEfDn1yoH,EB $150
0063,0063MA0TDsfvDn1r,EB $150
0064,0064Dn1HADt7uuOJ,EB $150
0065,006558HDn1u1KIL7,EB $150
0066,0066qJC6Dn1Hujbv,EB $150
0067,0067z&cDn1JoUPo2,EB $150
0068,0068E8vDn1nIQMhf,EB $150
0069,00699n30rvt0IDn1,EB $150
0070,0070tX$EDhDn1xYs,EB $150
0071,0071oz1rDn19ixaJ,EB $150
0072,0072Dn1OiQHXn86l,EB $150
0073,0073SO*SKDn1bNn9,EB $150
0074,0074yDn1&*kZ!6ei,EB $150
0075,0075nPlKVDn109ru,EB $150
0076,0076@KZ5bWRS*Dn1,EB $150
0077,0077gDn14Jk@CDM$,EB $150
0078,0078LiXOq7jQFDn1,EB $150
0079,0079#M$l5rikMDn1,EB $150
0080,0080Dn1rG92lZQm^,EB $150
0081,0081piYDn1latnIR,EB $150
0082,0082qmm$10CaDn1%,EB $150
0083,00835yODn1qlTpj9,EB $150
0084,0084R*PKDn1zRp5n,EB $150
0085,0085$$HhfInXDn1d,EB $150
0086,0086dhF8#&7G%Dn1,EB $150
0087,0087Dn110GoP%^x!,EB $150
0088,00882i^xQ2lDn1Bh,EB $150
0089,0089Dn1b$nV9u#0N,EB $150
0090,0090S71&rW*vvDn1,EB $150
0091,0091LiZuzgtfxDn1,EB $150
0092,0092uwWTDn1BbIcZ,EB $150
0093,0093Dn1A4OH5XAz%,EB $150
0094,0094n!XnfDn1lv*A,EB $150
0095,00958EUDn1ltxh3w,EB $150
0096,0096crvDn1Sc44Hc,EB $150
0097,0097Dn1i*RxVhPsN,EB $150
0098,0098^H#1jDn182Bn,EB $150
0099,0099k5N2sDn1Kl^u,EB $150
0100,0100&2CKDn1bZ&m5,EB $150
0101,0101vhNJ2WgOGDn1,EB $150
0102,0102%rkE!gDn1RSR,EB $150
0103,0103Dn1SB8g*Yv@R,EB $150
0104,0104cDn1sl*WvY&W,EB $150
0105,0105BZTDn1HnZtO%,EB $150
0106,0106O4lDn1yP^zZz,EB $150
0107,0107Dn1DOJqMcA1m,EB $150
0108,0108QF%^PDn1BoAs,EB $150
0109,0109KUEma^P3xDn1,EB $150
0110,0110P0SaDn1L#Bj$,EB $150
0111,0111S2Dn1YuVnebh,EB $150
0112,0112*&Q1gDn1!wBB,EB $150
0113,0113Dn1VA4H55sJf,EB $150
0114,0114zwDn1ch7bi$n,EB $150
0115,0115KDn1e9FroF7b,EB $150
0116,01160s#NJhpDn13z,EB $150
0117,0117!6Fq!d83Dn1@,EB $150
0118,0118Stk3Dn1gYxkn,EB $150
0119,0119aypw&WDn19!k,EB $150
0120,0120pW0Dn1srMq!o,EB $150
0121,0121%KNDn1ohr!X#,3ON1
0122,0122n1nDn1$wP9Mv,3ON1
0123,0123iDn1kaZcQAgh,3ON1
0124,0124IzDlBDn1H$NW,3ON1
0125,0125t#027Dn1FP0A,3ON1
0126,0126N$c5Dn1RcVd!,3ON1
0127,0127cjtYo6bQDn13,3ON1
0128,0128#oV$1lKgDn1V,3ON1
0129,01294PFsN4YA5Dn1,3ON1
0130,0130Dn1%QUPX0&4^,3ON1
0131,0131^y5Dn1!UOSFY,3ON1
0132,0132I%u%*jDn1zz7,3ON1
0133,0133atDn154DpXhs,3ON1
0134,0134bhZQDn1NCBj#,3ON1
0135,0135aB6v&lqnDn1^,3ON1
0136,0136Dn1!$aSLOo!2,3ON1
0137,0137^$Xs9rDn1Nm9,3ON1
0138,0138arJ1okL1Dn1m,3ON1
0139,01390nsDn1XPpsf3,3ON1
0140,01408EZtfmeL&Dn1,3ON1
0141,0141VYUwDn1k7kCr,3ON1
0142,0142iaCDRDn1cWb@,3ON1
0143,0143pDn1bx&RLbP#,3ON1
0144,0144x5vfWtfDn1o5,3ON1
0145,01452RGODn1xp9uF,3ON1
0146,0146rs9LiXDn1BT4,3ON1
0147,0147S6Dn1lsdwIm6,3ON1
0148,0148rJBFAXDn1vjv,3ON1
0149,0149@pdtn*ZDn1wF,3ON1
0150,0150aAYkDn1q$$!Y,3ON1
0151,0151Dn1mDH40u968,3ON1
0152,01525@Om*Dn1smKh,3ON1
0153,01536byNGjGSDn1r,3ON1
0154,0154uUlYbRbDn13a,3ON1
0155,0155Jke%aI^s0Dn1,3ON1
0156,0156*Dn1hx%lSbCJ,3ON1
0157,0157!QDn1yMwdvBX,3ON1
0158,0158L&eOwVDn16GA,3ON1
0159,0159FqE^Dn1GQfRL,3ON1
0160,0160@IK$LJDn1@kF,3ON1
0161,0161A3Dn19xuZ1k*,3ON1
0162,016224Dn1dg7naAJ,3ON1
0163,0163V#mx4xvMHDn1,3ON1
0164,01642Dn1q2QM@xT2,3ON1
0165,0165Dn1RW$Cw1j5A,3ON1
0166,0166QLzDn16PfRW!,3ON1
0167,0167M^Dn1$jGXzqi,3ON1
0168,0168@sDn1ALIb45N,3ON1
0169,0169ZLcIYDn1eG9#,3ON1
0170,0170guD9v6X!Dn1N,3ON1
0171,0171#mVpvjA#tDn1,COMP
0172,0172DZ7IVDn1KE*V,COMP
0173,0173NPEMq%Dn1NJ#,COMP
0174,0174Pt!fIlDn1tLQ,COMP
0175,0175LTRy9vqRDn12,COMP
0176,0176B9iEY!2grDn1,COMP
0177,0177ShfEWQk&Dn1Z,COMP
0178,0178hsORDn1%78t%,COMP
0179,0179bKblO9Dn1%8f,COMP
0180,0180I1zEDn1nGHOu,COMP
0181,0181Nia8zFUSDn1N,COMP
0182,0182*Dn155Vp*1fn,COMP
0183,0183l%8L2PDn1O3L,COMP
0184,0184wlnzpDn1arEf,COMP
0185,0185U#bZ&Dn1n03m,COMP
0186,01864Dn1u%h&u30C,COMP
0187,0187a22wDn19c3Q2,COMP
0188,0188nJn2Dn15H0MC,COMP
0189,0189*&ZDn1noos2M,COMP
0190,0190xUv$Dn1EilTq,COMP
0191,0191Hp4tDn1cM@GD,COMP
0192,0192Dn1qjhi96Yl&,COMP
0193,0193XDn1^8L&cxf^,COMP
0194,0194yClDn1xVoQ8V,COMP
0195,01953vrjd!Dn1AjL,COMP
0196,0196NDn1BuQN5Kf8,COMP
0197,0197l12C%GDn1Rge,COMP
0198,0198x#!HP^Dn1P%c,COMP
0199,0199@JcDn1Oq&WUI,COMP
0200,0200x*v$ejSCDn13,COMP
0201,0201fVz4Dn1PDocV,COMP
0202,0202yNkW3JDn1k*#,COMP
0203,02034aas3fYfDn1b,COMP
0204,0204EPtDn1rEEy17,COMP
0205,0205Dn1ELsS9iiZ8,COMP
0206,0206t4G6CoTEMDn1,COMP
0207,0207PwQKgDn1ZYyT,COMP
0208,0208Mc!Dn1938@#v,COMP
0209,0209*#K#!Dn1A5Xn,COMP
0210,0210n@u&hLTWDn1Q,COMP
0211,02114tzBPb6CDn1j,COMP
0212,0212j1YbDn1F&IK#,COMP
0213,0213C2Dn1Nis%#3k,COMP
0214,0214bXObu1eDn1ge,COMP
0215,0215ovIBWDn1SHAv,COMP
0216,0216heHdwDn1vD9z,COMP
0217,0217o*gZbDJKDn1^,COMP
0218,0218Dn1RLCnvwWU!,COMP
0219,0219Dn1gjs6MVyi2,COMP
0220,0220F*9TH#SDn19T,COMP
0221,0221r*UtjGBvDn1C,LJ $280.00
0222,02222Dn1T9vv#LaI,LJ $280.00
0223,0223zDn14uTldD3Z,LJ $280.00
0224,0224kx4kiDn1veKT,LJ $280.00
0225,0225USOMku&SDn1d,LJ $280.00
0226,0226M4mWMnTDn1fL,LJ $280.00
0227,0227bHgQH^NjDn1R,LJ $280.00
0228,0228%i0SDn1DJSoy,LJ $280.00
0229,0229P6Dn13&%Yd9M,LJ $280.00
0230,0230RFycwMDn1crk,LJ $280.00
0231,0231Y9Dn1wfWLeul,LJ $280.00
0232,0232puDn1jwJRYtF,LJ $280.00
0233,0233LFiP157Dn1ns,LJ $280.00
0234,0234tuJDn1IKi#Rm,LJ $280.00
0235,0235Dn1xXO2LvYIJ,LJ $280.00
0236,02362wHPDn1A0$Hq,LJ $280.00
0237,0237wtzDBWADn1rg,LJ $280.00
0238,0238kDn1qPzR!GEp,LJ $280.00
0239,0239Dn1yRMT%&&Mr,LJ $280.00
0240,0240q3ip$ZcS!Dn1,LJ $280.00
0241,02415Dn1EkEfNaBP,LJ $280.00
0242,0242Dn1C8jG%Aoqm,LJ $280.00
0243,0243Rhkx#8cDn1Hx,LJ $280.00
0244,0244gYDn1$axP5iQ,LJ $280.00
0245,0245eM52Dn1#Y0$!,LJ $280.00
0246,02469!PH&L@0Dn1U,LJ $280.00
0247,0247WgbADn1w&Prz,LJ $280.00
0248,0248Dn1hhugHfY3P,LJ $280.00
0249,02495tJQ$Dn11uQX,LJ $280.00
0250,02501FuVW9ADn1MQ,LJ $280.00
0251,0251qzDn1173UDbO,LJ $280.00
0252,0252CfRqfq4OPDn1,LJ $280.00
0253,0253JgDn1&YJA#B2,LJ $280.00
0254,0254@Dn1R5R0ay#4,LJ $280.00
0255,0255!aDn16HGoAlP,LJ $280.00
0256,0256VVN7Dn1FNJX6,LJ $280.00
0257,0257#eam4xDn1GFa,LJ $280.00
0258,0258lP4GTDn1FS7$,LJ $280.00
0259,0259rDn1ooYd&PKF,LJ $280.00
0260,0260yPYF5N^#gDn1,LJ $280.00
0261,0261u0bMaHDn1Bbt,LJ $280.00
0262,0262dQaGwJzDn1Io,LJ $280.00
0263,0263aFRY$dDn1azv,LJ $280.00
0264,0264Dn1iKhjlk*Qz,LJ $280.00
0265,0265MZpD#Dn1jVuB,LJ $280.00
0266,0266UhdCD7rDn11O,LJ $280.00
0267,0267bxDn17nzNI4F,LJ $280.00
0268,0268DL0MrmtrEDn1,LJ $280.00
0269,0269OolDn1$s142U,LJ $280.00
0270,0270gsh7NDn1UWHU,LJ $280.00
0271,0271B!Dn1twSctT%,LJ $280.00
0272,0272tDn1INfeqcDL,LJ $280.00
0273,02738lWCZDn18LYM,LJ $280.00
0274,0274PUP&LvrDn1W8,LJ $280.00
0275,0275SGwH9gDn1MCK,LJ $280.00
0276,02761BRl#gfDn1ke,LJ $280.00
0277,0277MxDn1EmIVTLz,LJ $280.00
0278,0278bj&*8&MDn1@@,LJ $280.00
0279,0279TaUbXtDn1ceK,LJ $280.00
0280,0280uDn1pQ^^8Frr,LJ $280.00
0281,0281Dn1kabFjy40&,LJ $280.00
0282,02822VNADn1aVDL^,LJ $280.00
0283,02837#i6TmGDn12l,LJ $280.00
0284,0284819EDn1C*QDN,LJ $280.00
0285,0285PL$Dn1OUUw3T,LJ $280.00
0286,0286zK^PplMDn12p,LJ $280.00
0287,0287!cu#xogDn13p,LJ $280.00
0288,0288uL2mn**CDn19,LJ $280.00
0289,0289$k8^#UqyDn19,LJ $280.00
0290,0290rhmdvx#N7Dn1,LJ $280.00
0291,0291Dn1&t!8oh3Nx,LJ $280.00
0292,0292rs$@Dn1leG$O,LJ $280.00
0293,0293RDn1OYW@omKe,LJ $280.00
0294,0294WI4Dn1hkpjR3,LJ $280.00
0295,02955ClCL59I@Dn1,LJ $280.00
0296,0296CxDn1P*#!as$,LJ $280.00
0297,0297JDn17EzgDObi,LJ $280.00
0298,0298y%06WDn1KnmD,LJ $280.00
0299,02991A0Dn1mwkixa,LJ $280.00
0300,0300jI$Dn1fPYZIq,LJ $280.00
0301,0301eZzDn1o@Pp&A,LJ $280.00
0302,0302QPDn1EAABoFP,LJ $280.00
0303,0303Up@yDn10T^i#,LJ $280.00
0304,0304bXQV&Dn10w&C,LJ $280.00
0305,0305clnxQvgI1Dn1,LJ $280.00
0306,0306SMmE4FDn1grd,LJ $280.00
0307,0307l#Ok3Mq*Dn1k,LJ $280.00
0308,0308V&vYNkt53Dn1,LJ $280.00
0309,0309Mc2@lo7Dn1SB,LJ $280.00
0310,03101irPw@CUDn13,LJ $280.00
0311,03112vDn1CNyGUN0,LJ $280.00
0312,0312rcDn1y0#Au!w,LJ $280.00
0313,0313U$KdoKlk7Dn1,LJ $280.00
0314,0314w5Dn1!O@TfEA,LJ $280.00
0315,0315@srsTR7*Dn1Y,LJ $280.00
0316,0316AMNDn1izA4iZ,LJ $280.00
0317,0317KZegRDn1PnQ1,LJ $280.00
0318,0318iRn7Dn1fs3My,LJ $280.00
0319,0319Dn1AId^suv2y,LJ $280.00
0320,03207Dn1l68OVTiu,LJ $280.00
0321,0321nz#wGu1fDn1J,LJ $280.00
0322,0322v4Dn1Aorwk0I,LJ $280.00
0323,0323yntA5yK9Dn1Z,LJ $280.00
0324,0324Dn18%1AeI#7P,LJ $280.00
0325,0325Dn1Qh!w2&Qb1,LJ $280.00
0326,0326QBQ7d5ADn1Pd,LJ $280.00
0327,0327$Dn1*51SrNEf,LJ $280.00
0328,0328Dn1gp*ckqzG$,LJ $280.00
0329,0329S4MmsvDn14BV,LJ $280.00
0330,0330Dn1NWa1Mq*7Y,LJ $280.00
0331,0331FfL*V!xDn1ET,LJ $280.00
0332,0332a4$WGbDn1Y6h,LJ $280.00
0333,0333rTpSH$rh5Dn1,LJ $280.00
0334,0334ErPe&WDn1HPq,LJ $280.00
0335,0335Dn13rPpu9JF2,LJ $280.00
0336,0336Gv8bDn13EkT2,LJ $280.00
0337,0337vUhVU@Dn1lqS,LJ $280.00
0338,0338bDn12xpIga0h,LJ $280.00
0339,0339WQUO#Dn1S%QC,LJ $280.00
0340,0340WhhD2svuDn1l,LJ $280.00
0341,0341xmDn1PHedyg^,LJ $280.00
0342,0342THcDn1DzQyNP,LJ $280.00
0343,0343Eq@uDn1GnHJ3,LJ $280.00
0344,0344pMXGPHDn1Z8w,LJ $280.00
0345,0345YpukDn1cVF4L,LJ $280.00
0346,034608*Dn1LMCgGq,LJ $280.00
0347,0347DJbkEqoDn1V@,LJ $280.00
0348,0348v%eH5!13*Dn1,LJ $280.00
0349,0349KUyaRB3phDn1,LJ $280.00
0350,0350f2Dn17co%3ae,LJ $280.00
0351,0351g2Dn1YiHF!28,LJ $280.00
0352,0352IvpDn1CScP%e,LJ $280.00
0353,0353DY2&pFDn15ie,LJ $280.00
0354,0354%if3YUDn1V2C,LJ $280.00
0355,0355HpICb^lDn1hW,LJ $280.00
0356,0356yDn1fGs1hw$0,LJ $280.00
0357,035793TlDn1SnYZ@,LJ $280.00
0358,0358bDn1L#ftEgWx,LJ $280.00
0359,0359%NX3iEnDn14n,LJ $280.00
0360,0360DDC*o@WDn19*,LJ $280.00
0361,03616gKzDn1wua2x,LJ $280.00
0362,0362$7lE#Dn1hL$W,LJ $280.00
0363,0363pWYIDn16nAKB,LJ $280.00
0364,0364$hDn1&Bf$6B$,LJ $280.00
0365,0365BmYPgDn1JJjB,LJ $280.00
0366,0366NGOcWeKDn13y,LJ $280.00
0367,03672P6Dn1oSdfU1,LJ $280.00
0368,0368*dW^J1JOsDn1,LJ $280.00
0369,0369%EYG34sC@Dn1,LJ $280.00
0370,03709Y&Dn15YFp^U,LJ $280.00
0371,0371Dn18TOck^fA&,LJ $280.00
0372,0372F2!@$E1U#Dn1,LJ $280.00
0373,0373BYrbEFKB7Dn1,LJ $280.00
0374,0374KpnyDn1POj4d,LJ $280.00
0375,0375bdIEyUDn1Hjl,LJ $280.00
0376,03766JZQDn1Idc28,LJ $280.00
0377,0377&nMqRey7Dn1O,LJ $280.00
0378,0378Qw1Ie6YkBDn1,LJ $280.00
0379,0379juEy9@Dn1l^d,LJ $280.00
0380,0380LW7Dn1Nk@YNW,LJ $280.00
0381,0381jPCOl%tIDn1x,LJ $280.00
0382,03826&FHQDn1xfsA,LJ $280.00
0383,0383krx0bFYDn1BR,LJ $280.00
0384,0384y5WX^lFueDn1,LJ $280.00
0385,0385uqxFu1ADn1H*,LJ $280.00
0386,0386w1HWDn1Kzji4,LJ $280.00
0387,0387Dn1a%mOneOP4,LJ $280.00
0388,0388eZKC32vdDDn1,LJ $280.00
0389,0389cc1FpqJDn1WG,LJ $280.00
0390,0390E4IkgnJDn13!,LJ $280.00
0391,0391K@XZFcRrDn1j,LJ $280.00
0392,0392AXqAZDn1DaPX,LJ $280.00
0393,0393FFSl9RJDn1#$,LJ $280.00
0394,0394ODn12hA0BXCQ,LJ $280.00
0395,0395n6mOi3uN9Dn1,LJ $280.00
0396,0396caXDn14nPG$O,LJ $280.00
0397,0397!Dn1eTyQHaX5,LJ $280.00
0398,0398Dn1!8SLWt&D4,LJ $280.00
0399,0399hs*Dn1#3NJZI,LJ $280.00
0400,0400Y39Dn1TTI3A7,LJ $280.00
0401,0401Dn1hIcW*q&t%,LJ $280.00
0402,0402%Kq&1Dn1MYkH,LJ $280.00
0403,0403dTNZ5Dn1kYmp,LJ $280.00
0404,04045HDn1MK!CN^N,LJ $280.00
0405,0405Dn1YGRBu4ZM#,LJ $280.00
0406,0406uNZidDn1Dsdu,LJ $280.00
0407,0407AY^r6mmnQDn1,LJ $280.00
0408,0408pmDe8ND9fDn1,LJ $280.00
0409,0409cJDn1$%Z3v@N,LJ $280.00
0410,0410ZlgYDn1#$Zqi,LJ $280.00
0411,0411li8j^a%PLDn1,LJ $280.00
0412,0412wmx*HT5$rDn1,LJ $280.00
0413,0413farMYDn1SYEu,LJ $280.00
0414,0414#IjPsLDn1ANu,LJ $280.00
0415,0415e@z*z@WDn10L,LJ $280.00
0416,0416Dn1!QS&o$G!#,LJ $280.00
0417,0417tDn11%Qn*pnF,LJ $280.00
0418,0418L9SeQUbMDn1y,LJ $280.00
0419,0419Dn12#M1nbcaG,LJ $280.00
0420,0420S$Pe1SGDn1oZ,LJ $280.00
0421,0421Dn1GnpqCX7jp,LJ $280.00
0422,0422Dn1hNEVHoS8R,LJ $280.00
0423,04230aEzT!jDn1zj,LJ $280.00
0424,0424rw%wITDn1MbQ,LJ $280.00
0425,0425R@0PgwZDn1xS,LJ $280.00
0426,0426SZDn1h5%hzbX,LJ $280.00
0427,0427PSBDn1jn5@fF,LJ $280.00
0428,0428DDn10R@vjY5n,LJ $280.00
0429,0429gNDn1q&vFqOj,LJ $280.00
0430,0430dNs^OLDn15PH,LJ $280.00
0431,0431LH%8jDn1ceoJ,LJ $280.00
0432,0432cD1peb0%uDn1,LJ $280.00
0433,0433hDn1w!PKo7zt,LJ $280.00
0434,04348b6Xp*#tMDn1,LJ $280.00
0435,0435PjDn1kXGN@IH,LJ $280.00
0436,043640Dn1oD#6M@q,LJ $280.00
0437,0437%AXQi7sNdDn1,LJ $280.00
0438,0438DMCroDDn1XTM,LJ $280.00
0439,0439LuuqwovDn1mI,LJ $280.00
0440,0440Ivr$Dn1wwmdy,LJ $280.00
0441,0441!Dn1lO2^rPQc,LJ $280.00
0442,0442cuVE!ozoUDn1,LJ $280.00
0443,0443b7EHnTGVDn1b,LJ $280.00
0444,0444k!Qz5UeTHDn1,LJ $280.00
0445,0445PC0Dn1m^OLvr,LJ $280.00
0446,0446$fbAEDn1nxVu,LJ $280.00
0447,0447f!vDn1fa5CQ5,LJ $280.00
0448,0448@LuRZ9l8JDn1,LJ $280.00
0449,0449REDn10wkA4F%,LJ $280.00
0450,0450pDn1GJY8OPFA,LJ $280.00
0451,0451myS^uGbMDn1d,LJ $280.00
0452,0452fekI#MDn1Os%,LJ $280.00
0453,0453MlBX5*zDn1Lt,LJ $280.00
0454,0454!oCF6YH4ADn1,LJ $280.00
0455,0455B82KY2Dn1od6,LJ $280.00
0456,0456IaWDn1WH7$r$,LJ $280.00
0457,0457qM7BuPTDn1a#,LJ $280.00
0458,0458Y7011IsU9Dn1,LJ $280.00
0459,045958AQT@AM!Dn1,LJ $280.00
0460,0460Dn1I8^qDC8$S,LJ $280.00
0461,0461*DpTBVFaVDn1,LJ $280.00
0462,0462*XoCRS%oDn19,LJ $280.00
0463,0463Dn1F@%utWrKB,LJ $280.00
0464,0464dfQJ94QTYDn1,LJ $280.00
0465,0465QCFEi%Dn1ijR,LJ $280.00
0466,04669Z#JG4mqDn1z,LJ $280.00
0467,0467mPdnDn1nQa^3,LJ $280.00
0468,0468S#Y6Sv&bdDn1,LJ $280.00
0469,0469FXLU4fNDn1Wp,LJ $280.00
0470,0470m2Dn17X#d9rQ,LJ $280.00
0471,0471HDn1rgRlrzzf,LJ $280.00
0472,0472uzDn1X*9LKt@,LJ $280.00
0473,0473vAPZXDn1LoEF,LJ $280.00
0474,0474qWomqAzDn1wt,LJ $280.00
0475,0475V*!3%Dn17NhY,LJ $280.00
0476,0476!pxw@Dn1LdgD,LJ $280.00
0477,0477FduDn1orCYP5,LJ $280.00
0478,0478JP^x1M5Dn1OS,LJ $280.00
0479,0479Dn1554coE0yi,LJ $280.00
0480,0480*72blps7YDn1,LJ $280.00
0481,0481y1aDn1y4E$#6,LJ $280.00
0482,0482Rs&XVDn1yPd@,LJ $280.00
0483,0483&sDCG2cDn1!C,LJ $280.00
0484,0484Dn1RHWXj2S8D,LJ $280.00
0485,0485Dn1@nUlO8Cnk,LJ $280.00
0486,0486Dn1nOSE9K#8c,LJ $280.00
0487,0487Opz7lUx@Dn1z,LJ $280.00
0488,04881t^HmB$MvDn1,LJ $280.00
0489,0489bM6N1HLNLDn1,LJ $280.00
0490,0490yioFeLDn1U%H,LJ $280.00
0491,0491Dn1r90v!TNrm,LJ $280.00
0492,04928^Dn1zJ@E9kk,LJ $280.00
0493,04930Th7mDn1CBGg,LJ $280.00
0494,0494!lXtuNpZDn1Z,LJ $280.00
0495,0495hDn1SSogO$YC,LJ $280.00
0496,0496sRmL8rDn1kPK,LJ $280.00
0497,0497&bNFT*Dn1KQ*,LJ $280.00
0498,0498QVGrkDn17iuD,LJ $280.00
0499,0499rtKVDn1j9AY!,LJ $280.00
0500,0500g!z1M78uDn18,LJ $280.00
