0001,Y5NFWQF1D0M3,Couple F&F
0002,VE8P5IR3NQC3,Couple F&F
0003,VP05T38WIMHH,Couple F&F
0004,1NGV3VY4V5OO,Couple F&F
0005,76XQPM71OYZL,Couple F&F
0006,TQFAYD6OKH4T,Couple F&F
0007,WCKZSDIT0M5T,Couple F&F
0008,FA8PTUAA621R,Couple F&F
0009,U2WD71AYJ679,Couple F&F
0010,BBTI0WJAHHOT,Couple F&F
0011,JI0BRXYXFZAH,Couple F&F
0012,6D36YK7WU375,Couple F&F
0013,F2QTHLTB1Y8M,Couple F&F
0014,ZRS9EN2YG5QH,Couple F&F
0015,XGTC4KD1U5HC,Couple F&F
0016,2XNGR8HCH5LM,Couple F&F
0017,38AX2J2TQVQC,Couple F&F
0018,Y23YQF8SYIH5,Couple F&F
0019,CR7KF8R42H27,Couple F&F
0020,5Z7UQTVWWB1O,Couple F&F
0021,678TLIVE32JS,Couple F&F
0022,ENCXK3IVL4BU,Couple F&F
0023,LAABVG28BJW1,Couple F&F
0024,7MQZXQ61U2NT,Couple F&F
0025,NOMYHW4CEMVZ,Couple F&F
0026,KDMHAK6JA24H,Couple F&F
0027,TA7Z4OTB6L9W,Couple F&F
0028,C29P5UAFITL2,Couple F&F
0029,Q5FN5PIZZSQ2,Couple F&F
0030,3C5S7T86P1UX,Couple F&F
0031,AA18ZGJL44XF,Couple F&F
0032,PUXG5ZBQ3GOX,Couple F&F
0033,MD8YM7YUZTBF,Couple F&F
0034,VM4Q8I1KDBJ2,Couple F&F
0035,N51OIYPDRE38,Couple F&F
0036,82IIJ4W12XY3,Couple F&F
0037,8HHCO6W5E45P,Couple Ticket Early Bird
0038,27KMWTQCM32D,Couple Ticket Early Bird
0039,77VHYUXB122U,Couple Ticket Early Bird
0040,NPY3F2ULLU97,Couple Ticket Early Bird
0041,AIJ9FIRA1RNG,Couple Ticket Early Bird
0042,ISNHHH3OTHSW,Couple Ticket Early Bird
0043,7JVLBMX62CGZ,Couple Ticket Early Bird
0044,AIK89VQAYNYC,Couple Ticket Early Bird
0045,0187QCN6MS27,Couple Ticket Early Bird
0046,36LXOIMS81FW,Couple Ticket Early Bird
0047,0RIUHZ8T0BQ5,Couple Ticket Early Bird
0048,IRVNUKIL27P4,Couple Ticket Early Bird
0049,CIV27KVNJCBL,Couple Ticket Early Bird
0050,UVC12KKVRGFY,Couple F&F
0051,0ZZ6W6JUF36Y,Couple F&F
0052,LR5A64YFGZ6E,Couple F&F
0053,7FX49UO7DM2N,Couple F&F
0054,SPQ2XO9BF1CW,Couple F&F
0055,7J0BWG6HI8LF,Couple F&F
0056,U8OSACYN10J3,Couple F&F
0057,QNXWXBEV6HAO,Couple F&F
0058,9KN2S4OG8GET,Couple F&F
0059,2Q6RUEAF3BNI,Couple F&F
0060,D8H3JSA1J5H4,Couple F&F
0061,WYMVON2D3K3I,Couple F&F
0062,DV6GMDGRARSK,Couple F&F
0063,JWCONPJ7VJJB,Couple F&F
0064,5RDIVRU72J59,Couple F&F
0065,DJQF1W2GYF74,Couple F&F
0066,FLIJ23DU4R0H,Couple F&F
0067,ZNAACQKLR7OK,Couple F&F
0068,9JTQX0FSRL4A,Couple F&F
0069,ATWY9BO2N8NS,Couple F&F
0070,DCTTN5NUJ3HD,Couple F&F
0071,RZOLEADU5R55,Couple F&F
0072,3GKM7NCJDF5R,Couple F&F
0073,TYLQ3FASKA7V,Couple Tickets
0074,EKREIGTPG930,Couple Tickets
0075,UVPKBMA0UIY2,Couple Tickets
0076,PJCRDSXPL2VC,Couple Tickets
0077,RDNO93LJ981N,Couple Tickets
0078,FTKZXP42AC0H,Couple Tickets
0079,9RIBRKRK8I2Q,Couple Tickets
0080,2PD8IGB5JWL6,Couple Tickets
0081,03D9NC55VJ27,Couple Tickets
0082,WUXO1D77K8P5,Couple Tickets
0083,SNNZ5MR8ZL6Q,Couple Tickets
0084,JRIUQ3GLFWCU,Couple Tickets
0085,7LSUKVK0JB45,Couple Tickets
0086,2P3KO99BFD01,Couple Tickets
0087,PLGPYYFANIL9,Couple Tickets
0088,K76C4VVCX38V,Couple Tickets
0089,HV58B8JO3RUE,Couple Tickets
0090,DR4UTVDUC4Y0,Couple Tickets
0091,BJZBNR03HVHQ,Couple Tickets
0092,1BBFX14A9613,Couple Tickets
0093,JN3EFBX1EK9B,Couple Tickets
0094,ZKDV78YBA7SY,Couple Tickets
0095,438OQ0RJI9X2,Couple Tickets
0096,W37P5H2FDAGH,Couple Tickets
0097,QNK5VW9TGT4B,Couple Tickets
0098,5TGP7SVJXZ82,Couple Tickets
0099,VAI9COHRSA02,Couple Tickets
0100,D0H26XT3MGYT,Couple Tickets
0101,JN4IPZ9J2VJX,Couple Tickets
0102,E7X0GCIIWF8A,Couple Tickets
0103,ADYDQD1PUVEU,Couple Tickets
0104,BBP84CNEJMPB,Couple Tickets
0105,ZKJYCWHN56PG,Couple Tickets
0106,QTCTT8IGSMRS,Couple Tickets
0107,0FUBMIE3KZSX,Couple Tickets
0108,H90CP56EOJZ2,Couple Tickets
0109,CMZOVOTWYJL8,Couple Tickets
0110,JTIN1VNKS8V1,Couple Tickets
0111,3SRPO5IEM7SL,Couple Tickets
0112,5GQITRD2PE5X,Couple Tickets
0113,FY25GA3II9AB,Couple Tickets
0114,BNZ2ZQ9X4M6T,Couple Tickets
0115,G26WRUXPW3VC,Couple Tickets
0116,8HFSD01PJKIA,Couple Tickets
0117,K212FOJNZ2DV,Couple Tickets
0118,P792F2U98RGC,Couple Tickets
0119,4K2BXAO3EYFM,Couple Tickets
0120,Z6JHLH2ZW2O6,Couple Tickets
0121,3F4SXZUVMM9R,Couple Tickets
0122,OLSB08WFFDWE,Couple Tickets
0123,9MHP0ZZ5QY01,Couple Tickets
0124,9EQLSIFUXEE3,Couple Tickets
0125,LTRYR4CSPGMZ,Couple Tickets
0126,7WGUWR159F42,Couple Tier 2
0127,LIB2RIZWB462,Couple Tier 2
0128,4XRULEOGT4H0,Couple Tier 2
0129,AL01FSFBHHRT,Couple Tier 2
0130,AEMADM8EWEFA,Couple Tier 2
0131,IVNUU2WAL4F8,Couple Tier 2
0132,0Q5TUCWRC3K2,Couple Tier 2
0133,DJOGVY7ECQ44,Couple Tier 2
0134,TZMUVNC32PAD,Couple Tier 2
0135,5C1FZ1KVLZR7,Couple Tier 2
0136,A4148MNSHS3J,DJ Comp
0137,JP9I3NWWF7A7,DJ Comp
0138,WH5MV7YCU7D7,DJ Comp
0139,VVDYZZNI207Y,DJ Comp
0140,D1S1B6SXP28W,DJ Comp
0141,VVN6CZ1PAWJV,DJ Comp
0142,1JX8F8OLMSAR,DJ Comp
0143,0I772LWAKA4U,DJ Comp
0144,7Z6YNG32B222,DJ Comp
0145,3Z2UIBNRCF68,DJ Comp
0146,FS76M904VVNJ,DJ Comp
0147,K3MT0DLTQGO5,DJ Comp
0148,UO0Z7OWEXC5O,DJ Comp
0149,67WZNPOVJ1XF,DJ Comp
0150,GR849Q0SEG4U,DJ Comp
0151,V0R718M6SQV3,DJ Comp
0152,4V0I47QFL55A,DJ Comp
0153,WOZNQYT09QPR,DJ Comp
0154,ZCZBOHPFT2OJ,DJ Comp
0155,AZYEITL8U024,DJ Comp
0156,FH4Z5I6KDLIZ,Female
0157,8VIXB37W76S7,Female
0158,XQBMEV0TJW8I,Female
0159,U6C2VT11TIKQ,Female
0160,T6Z6VUVVJYO7,Female
0161,76VZISNXE8JN,Female
0162,53H5A6R63XE5,Female
0163,SRHK6NU37DMF,Female
0164,ICP9OUAFVE7Q,Female
0165,64FN261ELJ9M,Female
0166,46TQNVU430QZ,Female
0167,D8V60EYSY8EP,Female
0168,QT7KXKYLOP6Z,Female
0169,F1SZGNK6OI2U,Female
0170,SKTBBU2S5RED,Female
0171,4HG62BPG0L8H,Female
0172,U3G1554ZTKRU,Female
0173,2TID2G1O912E,Female
0174,A1R66L65KR23,Female
0175,APTZKH8LJOHD,Female
0176,HH9TEF90G2BW,Female
0177,JPMGG7OIR0UU,Female
0178,BVZT597UH6CP,Female
0179,LYXF7NB81NPB,Female
0180,H6ON6VMCJE2D,Female
0181,3CW60IEYWX7N,Female
0182,NVYHLHRSQO88,Female
0183,QCQU9NGMWTYS,Female
0184,NLXBJWJLD14R,Female
0185,NASWPUKTMMK2,Female
0186,0PN1VF7KXBOQ,Female
0187,BD8XJ5XTK8JH,Female
0188,W3TANX48EM6A,Female
0189,THKWQ2SVI57F,Female
0190,F8AT00VGNE4E,Female
0191,E5QX8DPFPNNC,Female
0192,8D2MO5MRI0YT,Female
0193,E2PK9HW6XPAQ,Female
0194,I1794FB80EKK,Female F&F
0195,L6G43MNRN2L4,Female F&F
0196,JST0JSXCVWC1,Female F&F
0197,UW2XV9PIU33M,Female F&F
0198,KCE1EAJJDHLK,Female F&F
0199,MGBAHBENC24H,Female F&F
0200,299LYP309O94,Female F&F
0201,XNQ4MVNMABFS,Female F&F
0202,4J6J4APZ9SS3,Female F&F
0203,RRUVTKOPI8IM,Female F&F
0204,0WB1OBCNPRTN,Female F&F
0205,NK7XA57SX42L,Female F&F
0206,KM9YB1Q3O51D,Female F&F
0207,SHHP3HYRAIDM,Female F&F
0208,WB952V8FV62B,Female F&F
0209,PXAC9S0HHCEI,Female F&F
0210,HL5KM1087O65,Female F&F
0211,E7QOE9W4XNPZ,Female F&F
0212,XCDS22KEKVCF,Female F&F
0213,2JQF90FH2R0W,Female F&F
0214,YWPCE1RXWF4E,Female F&F
0215,6CRQIRJJCFUY,Female F&F
0216,CMUKKFKSGTT4,Female F&F
0217,ESRYJVKTOJ32,Female F&F
0218,3UN7SZQ4Y8OD,Female F&F
0219,I3PJNK0K8MLQ,Female F&F
0220,E6GP691UVA88,Female F&F
0221,MZ1E81APMZJ5,Female F&F
0222,QG8308KWFI6T,Female F&F
0223,DSOR0T21FX0I,Female F&F
0224,Z77XRT40HX6I,Female F&F
0225,IZAQYX94AECY,Female F&F
0226,Y7IY4ISSJPIF,Female F&F
0227,S238JMJHAIGJ,Female F&F
0228,LU6KXCUZ4AS3,Female F&F
0229,9XZ8R01V8LDW,Female F&F
0230,0FWWWK8NUABU,Female F&F
0231,1SQVVYJLIR3S,Female F&F
0232,JO5P458L38X3,Female F&F
0233,K9XJ2P1LG64D,Female F&F
0234,I60S8N92METV,Female F&F
0235,XJ2CDALDFX5H,Female F&F
0236,3SPBIC84P5JB,Female 2 on 1
0237,GHLFBVCAOHLF,Female 2 on 1
0238,7UWVI7FVEIHA,Female 2 on 1
0239,CMNL5FO8W9ZZ,Female 2 on 1
0240,1M8D4CTWX66D,Female 2 on 1
0241,QBH5016VC7WB,Female 2 on 1
0242,501K4XSCDQZA,Female 2 on 1
0243,TEAAK7GMX7FU,Female 2 on 1
0244,492PW9IEPUT2,Female 2 on 1
0245,YB2G095J1C9Q,Female 2 on 1
0246,9XP98NFO2GGT,Female 2 on 1
0247,GE8UF6Q6QLQ6,Female 2 on 1
0248,CL9RXBB8OOLE,Female 2 on 1
0249,I5BQJIBLJ8N9,Female 2 on 1
0250,071XDTTX8PTA,Female 2 on 1
0251,J20PAO07MSL1,Female 2 on 1
0252,EYYJ7MUKADIQ,Female 2 on 1
0253,U39M1DO81PDD,Female 2 on 1
0254,007AYR7ORJH5,Female 2 on 1
0255,MRCEGUZSDLV0,Female 2 on 1
0256,SV3PN5YYT998,Female 2 on 1
0257,NRSY6FPMYKSS,Female 2 on 1 F&F
0258,6DN22QE2T99E,Female 2 on 1 F&F
0259,L92R810K7FTI,Female 2 on 1 F&F
0260,1FEGUE4O9FI6,Female 2 on 1 F&F
0261,A26SP8C4DGD8,Female 2 on 1 F&F
0262,202N6CHLIW3D,Female 2 on 1 F&F
0263,,Female 2 on 1 F&F
0264,JX86O0IRXJXC,Female 2 on 1 F&F
0265,Q7KXQEXHHETE,Female 2 on 1 F&F
0266,SG95OBLI625R,Female 2 on 1 F&F
0267,C6RGGM2LNNUC,Female 2 on 1 F&F
0268,10K9BZHHK8ND,Female 2 on 1 F&F
0269,NLH9KMJFDINP,Female 2 on 1 F&F
0270,3FYVJ4EEI1U5,Female 2 on 1 F&F
0271,FUHIIA08BXIH,Female 2 on 1 F&F
0272,YDOMK5NQ930E,Female 2 on 1 F&F
0273,1AJT5A8G9HNH,Female 2 on 1 F&F
0274,4ZUYH85SRP72,Female 2 on 1 F&F
0275,E3DDG6SBHMR8,Female 2 on 1 F&F
0276,RIMMJM41S7M8,Female 2 on 1 F&F
0277,LK9CYP7NG1BT,Female 2 on 1 F&F
0278,8FHQX7QIBUHH,Female 2 on 1 F&F
0279,QL3RIPN4XFJF,Female 2 on 1 F&F
0280,LVJ2RQM75W4R,Female 2 on 1 F&F
0281,70APW6KPKHQD,Female 2 on 1 Early Bird
0282,2FDHOOOFXACX,Female 2 on 1 Early Bird
0283,ZXJQM5XNRBYW,Female 2 on 1 Early Bird
0284,K66BQBEBGF40,Female 2 on 1 Early Bird
0285,WHDD4VZ9ZU8X,Female 2 on 1 Early Bird
0286,LI4VP6ASQJMX,Female 2 on 1 Early Bird
0287,6UG7VS2HUH3T,Female 2 on 1 Early Bird
0288,BZ3OC5V6K1BF,Female 2 on 1 Early Bird
0289,WC56GJYYAI4M,Female 2 on 1 Early Bird
0290,12C2VFMY73LU,Female 2 on 1 Early Bird
0291,M7YRUXFERLHP,Female 2 on 1 Early Bird
0292,4LAYWB39V1R1,Female 2 on 1 Early Bird
0293,5FWSEU5U47H5,Female 2 on 1 Early Bird
0294,PD152CU5G0SD,Female 2 on 1 Early Bird
0295,S40QLZTJR27I,Female 2 on 1 Early Bird
0296,J3XYIP2WAQHD,Female 2 on 1 EB F&F
0297,MFHA6K1YPO6Y,Female 2 on 1 EB F&F
0298,DA9ZY69QM464,Female 2 on 1 EB F&F
0299,ZYUFL8HF89M6,Female 2 on 1 EB F&F
0300,KA9U8C9F1FGA,Female 2 on 1 EB F&F
0301,JAW82BEPZKQB,Female 2 on 1 EB F&F
0302,PA50KMQSZVEX,Female 2 on 1 EB F&F
0303,NF4IJUM4ZQG8,Female 2 on 1 EB F&F
0304,CUQP60JIZ7Y5,Female 2 on 1 EB F&F
0305,V217J8H5C9AX,Female 2 on 1 EB F&F
0306,YG1YIORN3FGI,Female 2 on 1 EB F&F
0307,K35HKHSHFEGM,Female 2 on 1 EB F&F
0308,NR9RUHA1WZY2,Female 2 on 1 Tier 2
0309,F39SVHAHLX51,Female 2 on 1 Tier 2
0310,ASMGIQMG3PMV,Female 2 on 1 Tier 2
0311,QTED336CR9AV,Female 2 on 1 Tier 2
0312,3VJ0IZV85ITM,Female 2 on 1 Tier 2
0313,4D3ZTVT2RWZV,Female 2 on 1 Tier 2
0314,C8E2KBA8M4IG,Female 2 on 1 Tier 2
0315,79SBYCOIMO3V,Female 2 on 1 Tier 2
0316,AQ75X1X5RU1X,Female 2 on 1 Tier 2
0317,MQWFL1DSMV44,Female 2 on 1 Tier 2
0318,LJE6JK2MECO0,Female Early Bird
0319,PD07LJ5CH2BM,Female Early Bird
0320,RCX5CWEVBX1G,Female Early Bird
0321,YHSWO65MDV9D,Female Early Bird
0322,IW8D420VBMF0,Female Early Bird
0323,G8HQ3Z0ZUGT3,Female Early Bird
0324,7Y6FHYJ6NI0U,Female Early Bird (Friends & Family)
0325,Y6PAR1IFW857,Female Early Bird (Friends & Family)
0326,12E2NR1P4QOB,Female Early Bird (Friends & Family)
0327,PBX0DYIQNRG9,Female Early Bird (Friends & Family)
0328,CMNE86VRXTW2,Female Early Bird (Friends & Family)
0329,ZAPB6DMKG5HH,Female Early Bird (Friends & Family)
0330,O1KHO63N8GEF,Female Early Bird (Friends & Family)
0331,A53BVL2IEI86,Female Early Bird (Friends & Family)
0332,HOMNGEX1RFY9,Female Early Bird (Friends & Family)
0333,6PE4JDAVYJ6G,Female Early Bird (Friends & Family)
0334,9R9IL4HT8E90,Female Early Bird (Friends & Family)
0335,9JRYLB322WPG,Female Early Bird (Friends & Family)
0336,WHA565NNNTEC,Female Early Bird (Friends & Family)
0337,BRYXEVO0JCRD,Female Early Bird (Friends & Family)
0338,8JXGXUXOI6XQ,Female Early Bird (Friends & Family)
0339,W57NRR80H1CJ,Female Early Bird (Friends & Family)
0340,WRPE1G8UXYG9,Female Early Bird (Friends & Family)
0341,VAVDEBPGKY3W,Female Early Bird (Friends & Family)
0342,BCW6HZOY3UDF,Female Early Bird (Friends & Family)
0343,F57NRKW6RH66,Female Early Bird (Friends & Family)
0344,C77ABIKX0ZFD,Female Tier 2
0345,I1Y1DF20IQK3,Female Tier 2
0346,1SPIZKP01LMX,Female Tier 2
0347,1ERWPCUQF5WE,Female Tier 2
0348,2JP3F4K9WSXN,Female Tier 2
0349,3YLKC66J1VU2,Female Tier 2
0350,ZA8WK0GJZCOP,Female Tier 2
0351,MADMHWXGKVR6,Female Tier 2
0352,B9KVPFUKQGGY,Female Tier 2
0353,1M7QZ35UH1H1,Female Tier 2
0354,0WZI49MJMVUJ,Female Tier 2
0355,S6RHXQSR6BTI,Female Tier 2
0356,UR19BV4CJBDD,Female Tier 2
0357,KAMPGBQ8JOX7,Female Tier 2
0358,T2P677MKHTUO,Female Tier 2
0359,E5XBUTUOERXK,Female Tier 2
0360,1320NGM265XW,Female Tier 2
0361,HNJI4IO0FZWG,Female Tier 2
0362,1653NINVSHOS,Female Tier 2
0363,9HM1VN3IHJCK,Female Tier 2
0364,KZY8FJ8DRMSH,Female Tier 2
0365,XK0RFUVFLV53,Female Tier 2
0366,H3PWMR97F8D1,Female Tier 2
0367,K7ROVYGDDJCA,Female Tier 2
0368,BKQSIBOJ82PM,Female Tier 2
0369,4FH8IF3K573R,Female Tier 2
0370,0G9LK5TTU5NA,Female Tier 2
0371,2ICX2IKM8MAZ,Female Tier 2
0372,RLWLX83PH7VS,Female Tier 2
0373,NJ9GCIJ8WNM5,Female Tier 2
0374,FCBNSXAP8YW1,Female Tier 2
0375,WAQ96IQE4XQR,Female Tier 2
0376,W32OWGOQITNJ,Female Tier 2
0377,K3VLE1GD9NR9,Female Tier 2
0378,IHFMA453H3KC,Female Tier 2
0379,A69545LQS570,Female Tier 2
0380,WGPWL6R9GJHX,Female Tier 2
0381,H179CMDKYSPO,Female Tier 2
0382,NTC2E44PDUDR,Female Tier 2
0383,99LZK9EQZWCZ,Female Tier 2
0384,2UAH8AQA9DK0,Female Tier 2
0385,86EKEPAV6OFR,Female Tier 2
0386,STSOYHEY4S4U,Female Tier 2
0387,PVL9HLSVEG54,Female Tier 2
0388,IM937AIX7P43,Female Tier 2
0389,BVGNA53HI6JN,Female Tier 2
0390,A01ITBNIO6V7,Female Tier 2
0391,SQW69Q2MH399,Female Tier 2
0392,DSHA5JHIJ2KO,Female Tier 2
0393,VZ5J8C9LCKNX,Female Tier 2
0394,Z5FKSMTJ1HYK,Female Tier 2
0395,2JN6RYBYY659,Female Tier 2
0396,6A4NPIOSRAQJ,Female Tier 2
0397,SL7J887DJ43D,Female Tier 2
0398,XMA8ONXPFD3H,Female Tier 2
0399,VHTNYXQDE6I5,Female Tier 2
0400,HY1SUI11HJC2,Female Tier 2
0401,OB31C4CI26AZ,Female Tier 2
0402,O2BV08OPO7CM,Female Tier 2
0403,S9ILQ9TR11HM,Female Tier 2
0404,S8EIZE10SJKD,Female Tier 2
0405,QNM1M0U8RI6I,Female Tier 2
0406,HT79JVR4X7PI,Female Tier 2
0407,5PXD2W5GPFN7,Female Tier 2
0408,YMRFYZJYFK9O,Female Tier 2
0409,2Q60LUDQWJ5F,Female Tier 2
0410,L8MO9ESIKTVL,Female Tier 2
0411,EW3O3V0XGJX8,Female Tier 2
0412,89D5FJ8GBSDO,Female Tier 2
0413,AFDEZIY4CMQV,Female Tier 2
0414,S2UUJELY3DWB,Female Tier 2
0415,WUMNEX8WWMUN,Female Tier 2
0416,2NH6IJ7PUI68,Female Tier 2
0417,RB14KYPR35FA,Female Tier 2
0418,UMBELBCLYYDZ,Female Tier 2
0419,NH4IPITYMWS7,Female Tier 2
0420,K3871TKJ4DGS,Female Tier 2
0421,19NWX2YY9U2U,Female Tier 2
0422,HJOXTUYGJXAO,Female Tier 2
0423,J59XCUXYJAU4,Female Tier 2
0424,NHCLM33YLB1M,Female Tier 2
0425,KIOC2KPQ7DS3,Female Tier 2
0426,T6N3JSKPT4XK,Female Tier 2
0427,A3R4JNKKOOCL,Female Tier 2
0428,4674VBDJ74BX,Female Tier 2
0429,15GG3Q17LGET,Female Tier 2
0430,1YXQOO0UC38R,Female Tier 2
0431,EUPHCKXDU1C0,Female Tier 2
0432,1FJRQHDR7N4P,Female Tier 2
0433,MUKJP63LP2EY,Female Tier 2
0434,2SFFDJD1R757,Female Tier 2
0435,G4K4C8ROWTKO,Female Tier 2
0436,IUHDIRKQ5R6X,Female Tier 2
0437,EFENQT5O4U46,Female Tier 2
0438,KS84VV5XJNM3,Female Tier 2
0439,SKQH24C2BRXN,Female Tier 2
0440,ZHP9KS61UEKC,Female Tier 2
0441,EXVXNICMRS6E,Female Tier 2
0442,63J00QJ13S87,Female Tier 2
0443,GTK5DS86O7OY,Female Tier 2
0444,LITOA3UGEOAJ,Female Tier 2
0445,7U3KFZYBVSO5,Female Tier 2
0446,MB05QDC8RKZY,Female Tier 2
0447,Q4EVTTY57OSE,Female Tier 2
0448,15ATW7IH8GM5,Female Tier 2
0449,1MK8T6FBPTWD,Female Tier 2
0450,RIT6B8ZADUCI,Female Tier 2
0451,QCBL0TPDUHQ8,Female Tier 2
0452,95M64A2R5TU9,Female Tier 2
0453,3PFYO8VR6R4G,Female Tier 2
0454,YNTA2A88PHG7,Female Tier 2
0455,S6CZ7GVM02UF,Female Tier 2
0456,2OW11FGF9XF0,Female Tier 2
0457,XSZ9MW2HRIU4,Female Tier 2
0458,LW5QQ85MWFN3,Female Tier 2
0459,XNK0145XT4SH,Female Tier 2
0460,XME3K9Z3LGPC,Female Tier 2
0461,WTEBOJRTSOZ6,Female Tier 2
0462,EX8JIH3YJENE,Female Tier 2
0463,WSUS0AQ0N25B,Female Tier 2
0464,1CPAH8M41Y4F,Female Tier 2
0465,FFHMOHAM4RTF,Female Tier 2
0466,GK9OZ5MS824D,Female Tier 2
0467,XYEBEI5CP3OD,Female Tier 2
0468,6E9D8WQO38YR,Female Tier 2
0469,GS4LPZ1EP4E4,Female Tier 2
0470,9JLQ93BN09LJ,Female Tier 2
0471,5E496S0J2FCJ,Female Tier 2
0472,ZGSEBRVKY8QI,Female Tier 2
0473,1B6XVVIABGJA,Female Tier 2
0474,6HMXFPX4IM3B,Female Tier 2
0475,FLO47LWSVX2R,Female Tier 2
0476,BEXMC7ZPV2V0,Female Tier 2
0477,ZRDZLBH0CBY5,Female Tier 2
0478,PKG9D7F2V2I2,Female Tier 2
0479,0OM1NJ5IQ9E3,Female Tier 2
0480,9PHNQHG73J24,Female Tier 2
0481,E7FGICGH6NCD,Female Tier 2
0482,B6PFWVUSR3OT,FOUNDATION COMPS
0483,NU5HW20EEWXZ,FOUNDATION COMPS
0484,QX0KJ75CZAQX,FOUNDATION COMPS
0485,91YGJLY1ILUN,FOUNDATION COMPS
0486,SIVA2IM73460,FOUNDATION COMPS
0487,CKI8N3YKUWPF,FOUNDATION COMPS
0488,E9J28YKNW9J1,FOUNDATION COMPS
0489,RKFI97PWQWXF,FOUNDATION COMPS
0490,ZIVSJKNJ0INR,FOUNDATION COMPS
0491,WB5NJY7VIRCS,FOUNDATION COMPS
0492,5TPEGR1TFLQM,FOUNDATION COMPS
0493,FB8SRQ4Y8PWP,FOUNDATION COMPS
0494,2VVC210VMM7I,FOUNDATION COMPS
0495,S8TDUKPYYLV4,FOUNDATION COMPS
0496,Q5OKR67RGDC0,FOUNDATION COMPS
0497,WL6E6MQR2HZQ,FOUNDATION COMPS
0498,KV8K5YMKQB17,FOUNDATION COMPS
0499,2DEJHSHA339O,FOUNDATION COMPS
0500,WE8ZPQ7IRT2S,FOUNDATION COMPS
0501,ERB33HLBOMQD,FOUNDATION COMPS
0502,PSZDAA32X6IG,FOUNDATION COMPS
0503,9H87SUFS5ZIQ,FOUNDATION COMPS
0504,5W4RM7EVNLV0,FOUNDATION COMPS
0505,RW2HBQ121M1I,FOUNDATION COMPS
0506,LA9V6RDW0OIX,FOUNDATION COMPS
0507,A4ZBZ3Q51UFC,FOUNDATION COMPS
0508,1PUVSRL8ZJTD,FOUNDATION COMPS
0509,618LPKZKP339,FOUNDATION COMPS
0510,XUR6TIF00FNP,FOUNDATION COMPS
0511,U3XDEBLA7T0N,FOUNDATION COMPS
0512,YJSIF25HVG7K,FOUNDATION COMPS
0513,QVRZCT88GLPF,FOUNDATION COMPS
0514,ZQYLE7HWBVFF,GENERAL COMP
0515,1QFCGBKD3R06,GENERAL COMP
0516,WHCBCSXA1DQ4,GENERAL COMP
0517,42YFGY1J807J,GENERAL COMP
0518,SMSFTNV5GPSR,GENERAL COMP
0519,T5CRM9OA2KWO,GENERAL COMP
0520,KBK2KGCF02HY,GENERAL COMP
0521,YKZWNAV53D59,GENERAL COMP
0522,MEVPKGLH3PYO,GENERAL COMP
0523,3BLFZHSL9FJ2,GENERAL COMP
0524,HGSI8UHKU7TV,GENERAL COMP
0525,WAH31MBMT36T,GENERAL COMP
0526,9CH7P1ZHFCVK,GENERAL COMP
0527,9ZD82HJLXJH9,GENERAL COMP
0528,VPQEVG7OV1IC,GENERAL COMP
0529,UUI552XT4ONB,GENERAL COMP
0530,Z53W4KOZWVLI,GENERAL COMP
0531,D9UQLD4VN3SH,GENERAL COMP
0532,WDDIE30OI12X,GENERAL COMP
0533,3XAEDNFQSM0X,GENERAL COMP
0534,3S60CN29F87C,GENERAL COMP
0535,JOHWZ99A4HJQ,GENERAL COMP
0536,DBJX3AYQ5DZW,GENERAL COMP
0537,I1R19CCMMX8T,GENERAL COMP
0538,BJ5VH06WWTZB,GENERAL COMP
0539,FQ57GONB3I9S,GENERAL COMP
0540,MAKB8SAZXS6U,GENERAL COMP
0541,39BXQGVGW036,GENERAL COMP
0542,9JO5TDSJNM1D,GENERAL COMP
0543,LQK5FPDI20H1,GENERAL COMP
0544,0MFJ5WM00QI1,GENERAL COMP
0545,D8P0MJRP9JKE,GENERAL COMP
0546,Y3WJVPGMRH0D,GENERAL COMP
0547,9665RRHUNFWE,GENERAL COMP
0548,E83NAQGZDNOV,GENERAL COMP
0549,QI8A6MEAZ0K4,GENERAL COMP
0550,2H2GQD46TM2Y,GENERAL COMP
0551,QRGSDT9FP0KA,GENERAL COMP
0552,ZJ5NXPSPBFI5,GENERAL COMP
0553,8NYFC2VR1JQG,GENERAL COMP
0554,T06GZILN3HFZ,GENERAL COMP
0555,UW3ISPO3RBXZ,GENERAL COMP
0556,1RVWB52ZV4C6,GENERAL COMP
0557,B2MHBY26LJPE,GENERAL COMP
0558,XV8J35F08H5F,GENERAL COMP
0559,KUF8N0A6XG23,GENERAL COMP
0560,706OWEWCT2X2,GENERAL COMP
0561,NF2QMWDC4G4C,GENERAL COMP
0562,HRU0BRA5U7DJ,GENERAL COMP
0563,MDYOE6LEYNVP,GENERAL COMP
0564,5QB3VY1NQP5R,GENERAL COMP
0565,IVFE55QGN5P1,GENERAL COMP
0566,LDJ8VQEXUR23,GENERAL COMP
0567,R49Y97GJPOCX,GENERAL COMP
0568,PWKI17GA8FDA,GENERAL COMP
0569,GY0D68Z92W2A,GENERAL COMP
0570,4DSWV4KU3FPT,GENERAL COMP
0571,UY85TGE6CD86,GENERAL COMP
0572,L607NBMAM2TA,GENERAL COMP
0573,2XSF7W2RRCJ4,GENERAL COMP
0574,020CA34FTBUU,GENERAL COMP
0575,MP82Y1LFGNOD,GENERAL COMP
0576,FNU0AWKWGAKK,GENERAL COMP
0577,P15QM0FV5QYF,GENERAL COMP
0578,WGV0SWLHO0J6,GENERAL COMP
0579,2V8JM9ZBW531,GENERAL COMP
0580,W3NRDMHJ0UND,GENERAL COMP
0581,6MA3RUMGBQR0,GENERAL COMP
0582,O5ACBEYCO0F4,GENERAL COMP
0583,IRJPXI9EL93P,GENERAL COMP
0584,NV78UUGTR38O,GENERAL COMP
0585,J55JN8JXDUZ0,GENERAL COMP
0586,QX8LXZF9RODC,GENERAL COMP
0587,PQD6GADCH0GI,GENERAL COMP
0588,QMYRKV9LPHIE,GENERAL COMP
0589,WFTF7OA5KC5T,GENERAL COMP
0590,KD048OZRQILI,GENERAL COMP
0591,IM9PDCCVP90O,GENERAL COMP
0592,9ZJSSH8KY9YZ,GENERAL COMP
0593,75VH4N9GAK5F,GENERAL COMP
0594,2MXMJLGKCSZ7,GENERAL COMP
0595,MVB0UAI7JX6I,GENERAL COMP
0596,YLQHINSS4O3K,GENERAL COMP
0597,SG5Y7FJSQKPY,GENERAL COMP
0598,J2NQIDFVPKHA,GENERAL COMP
0599,F7MECVTM0Z8S,GENERAL COMP
0600,ZZXKNPWUWIL6,GENERAL COMP
0601,T08GYS8CYE7R,GENERAL COMP
0602,82XNNCUMXWFR,GENERAL COMP
0603,5H0GMPNOIFX2,GENERAL COMP
0604,X2QUVE9JGPLS,GENERAL COMP
0605,LDNZ3ZDKVG2R,GENERAL COMP
0606,LQSX1QXSTDS0,GENERAL COMP
0607,L5AUK8TR4VE8,GENERAL COMP
0608,O9GNBMOF0CMD,GENERAL COMP
0609,EWZS1WGV3GNP,GENERAL COMP
0610,Z9KIYXIW21PJ,GENERAL COMP
0611,WFDVKXVV03CC,GENERAL COMP
0612,IKJCH292J15S,GENERAL COMP
0613,WP84MX01O4PJ,GENERAL COMP
0614,0I8ZYKCXJH1R,GENERAL COMP
0615,6PDUCDOWDSA1,GENERAL COMP
0616,KZABA51DDFX6,GENERAL COMP
0617,88LKKJF9B9QV,GENERAL COMP
0618,HIQUE2S3C99N,GENERAL COMP
0619,V2JG1L7N89LX,GENERAL COMP
0620,A60WA4F4BLZT,GENERAL COMP
0621,AMCCKIJB6R59,GENERAL COMP
0622,2U4R9HD6E7F6,GENERAL COMP
0623,NNPJFA4NRPBS,GENERAL COMP
0624,X2AIB8C2OG2I,GENERAL COMP
0625,IM6BVBW620L2,GENERAL COMP
0626,SDDGJ0PHZ73L,GENERAL COMP
0627,KOY7AL571NUC,GENERAL COMP
0628,TEN8P5571TUO,GENERAL COMP
0629,UYLJYOASCF9K,GENERAL COMP
0630,JA6PZISQNLKR,GENERAL COMP
0631,7V36RTHUR85M,GENERAL COMP
0632,6KHG97IQY0TP,GENERAL COMP
0633,XWCWD941TTR3,GENERAL COMP
0634,1MCDVQDM73UN,GENERAL COMP
0635,H98KIY77G298,GENERAL COMP
0636,G3IQ6LEFYK8L,GENERAL COMP
0637,FXWRVALD99RF,GENERAL COMP
0638,75HKCQ39BCA1,GENERAL COMP
0639,1CE196L7V689,GENERAL COMP
0640,B6AJW4MII0UF,GENERAL COMP
0641,1CYZFUMM7W7V,GENERAL COMP
0642,SJFXX42CIPJA,GENERAL COMP
0643,GS5F5S5DCX7E,GENERAL COMP
0644,6UWCSCPC81C3,GENERAL COMP
0645,KEWHK1BCCK5F,GENERAL COMP
0646,X7UB1FGXIIDI,GENERAL COMP
0647,LKR7168ZPLSW,GENERAL COMP
0648,1CMOTUYUSLP8,GENERAL COMP
0649,N2M6804H8NCE,GENERAL COMP
0650,W0VDY99ECMTX,GENERAL COMP
0651,CKD492BDE5W7,GENERAL COMP
0652,Q4A94SO7R0L3,GENERAL COMP
0653,886VFL73E52L,GENERAL COMP
0654,RQCMX4H3JB5I,GENERAL COMP
0655,DOASU23ECTO9,GENERAL COMP
0656,PW0VIW1S18UU,GENERAL COMP
0657,JQMWSZ8I68RM,GENERAL COMP
0658,IDEUZV9UUOU2,GENERAL COMP
0659,2EFA6LJDAOG1,GENERAL COMP
0660,KQCUN3XWN9XR,GENERAL COMP
0661,3V2RSROWOV83,GENERAL COMP
0662,2D0L3LI4N55J,GENERAL COMP
0663,VAZ3OSO76PSF,GENERAL COMP
0664,MA6K8K3ZH9J3,GENERAL COMP
0665,0MQC39ZGXQ9D,GENERAL COMP
0666,134PW9SLYG08,GENERAL COMP
0667,KBXM59HG7467,GENERAL COMP
0668,LF5N65EXJDBP,GENERAL COMP
0669,P0MI5IIXP8UV,GENERAL COMP
0670,H1YNVP40H8ZE,GENERAL COMP
0671,MQYZ3SSAF538,GENERAL COMP
0672,8GXOZR6O6NYC,GENERAL COMP
0673,IRO0VY72WK3G,GENERAL COMP
0674,M1VPX34B332J,GENERAL COMP
0675,KDWI51VMLGGQ,GENERAL COMP
0676,DN823WIPG27N,GENERAL COMP
0677,32O9OKRISUSG,GENERAL COMP
0678,MGTTKB9PY23G,GENERAL COMP
0679,JRT649EDZZ0Z,GENERAL COMP
0680,E65FHS6T8VAC,GENERAL COMP
0681,V295UPHA8AJ8,GENERAL COMP
0682,BZC51T7HIQPV,GENERAL COMP
0683,A6V7EXVVKIYG,GENERAL COMP
0684,6NOZXN5KYUD8,GENERAL COMP
0685,SEFE2FWD3J56,GENERAL COMP
0686,DL2OL7973LX7,GENERAL COMP
0687,QEERUE10QQK9,GENERAL COMP
0688,MYY2AJFBS73E,GENERAL COMP
0689,AEZATX68BI5F,GENERAL COMP
0690,QQG3ACMWY1W5,GENERAL COMP
0691,B7A3UVC9WN4Y,GENERAL COMP
0692,R663TYNAUJFL,GENERAL COMP
0693,G89P84064F1L,GENERAL COMP
0694,IIPT38IWNS87,GENERAL COMP
0695,D7FA65EYZR68,GENERAL COMP
0696,G7JXPWEQU2E6,GENERAL COMP
0697,IXWK7J6JLNA4,GENERAL COMP
0698,2QKO3AZ8QBIN,GENERAL COMP
0699,UZAO9JX3BKH8,GENERAL COMP
0700,GSONPJ7BERNE,GENERAL COMP
0701,8JH9ZK79S128,GENERAL COMP
0702,KGTIUIX6MFQP,GENERAL COMP
0703,EXQOV7IO7DAL,GENERAL COMP
0704,PQS9CJU5DQAK,GENERAL COMP
0705,E7CAIQ7LGJFG,GENERAL COMP
0706,ZIOM22DQFE1E,GENERAL COMP
0707,JMGRTD288PIF,GENERAL COMP
0708,J2D0091RA9IA,GENERAL COMP
0709,TUIR9P9T45Y7,GENERAL COMP
0710,VKXT4HNL4UB8,GENERAL COMP
0711,XTER36IJHMIH,GENERAL COMP
0712,L5H3FB9BDPNV,GENERAL COMP
0713,JKXD4CSKARRS,GENERAL COMP
0714,SL40LZ10NK4N,GENERAL COMP
0715,2MRTWRWWKMLP,GENERAL COMP
0716,31LT2E7UD2N9,GENERAL COMP
0717,EKL75ONRD2YP,GENERAL COMP
0718,M45NO3MS7RNH,GENERAL COMP
0719,3MZDZ3G299RC,GENERAL COMP
0720,89F546SFKD7A,GENERAL COMP
0721,G97FTBRJQ9FL,GENERAL COMP
0722,A7CGMYV53WE2,GENERAL COMP
0723,D11YJ8TIR962,GENERAL COMP
0724,CYPTASW9FFUD,GENERAL COMP
0725,7SN0U003KCON,GENERAL COMP
0726,LEIOYUK2T201,GENERAL COMP
0727,B15XC0ZRP5S8,GENERAL COMP
0728,2GHSJSF08CIZ,GENERAL COMP
0729,FJR1T2ZXQ4BQ,GENERAL COMP
0730,S6ZJJNT06Q6C,GENERAL COMP
0731,OZCEGF6CPC3I,GENERAL COMP
0732,Q41JW7GGBI4L,GENERAL COMP
0733,IWVW2X1BUEBP,GENERAL COMP
0734,ZWC5Z9F4PPVS,GENERAL COMP
0735,NKAI5NSWYKJB,GENERAL COMP
0736,5NFGHY2XRTIG,GENERAL COMP
0737,TELF4VHM7QV7,GENERAL COMP
0738,24IS1YS9CKEG,GENERAL COMP
0739,4UUD1Y8YBYXQ,GENERAL COMP
0740,YRL81JIPOSM6,GENERAL COMP
0741,K4SIZIFVJ4OX,GENERAL COMP
0742,XS4YRKBJUN6O,GENERAL COMP
0743,EG3UPXI6HIJW,GENERAL COMP
0744,OMNAZ9Y6PM20,GENERAL COMP
0745,HR1OT7UEBFA5,GENERAL COMP
0746,6ZHMTW92JLER,GENERAL COMP
0747,VBZP591YQPIC,GENERAL COMP
0748,FAEO6Y0YA6ZX,GENERAL COMP
0749,T4ZAPW5E2UYM,GENERAL COMP
0750,G03UIH4K88A2,GENERAL COMP
0751,TQR8SXL0TYTT,GENERAL COMP
0752,YDGW7YF6FH2T,GENERAL COMP
0753,SCQE4JR5J6VJ,GENERAL COMP
0754,755N16CSTIM1,GENERAL COMP
0755,9KAVLRE72FOW,GENERAL COMP
0756,87JIKA8KRY1V,GENERAL COMP
0757,4WI79BAAP1KC,GENERAL COMP
0758,TANS8PFEF08O,GENERAL COMP
0759,QL1565T13GGP,GENERAL COMP
0760,HSCZ5M1Q6BRG,GENERAL COMP
0761,09GEPYJO12A1,GENERAL COMP
0762,5KRUW83NSVMB,GENERAL COMP
0763,GADEV41RJM62,GENERAL COMP
0764,2F0LFSZD76VF,GENERAL COMP
0765,R09YQHSL7WCC,GENERAL COMP
0766,AZJS16CS6MN1,GENERAL COMP
0767,TD9SDNY7LR7Y,GENERAL COMP
0768,3HSV4XSJDKTU,GENERAL COMP
0769,00BNGLJ4M828,GENERAL COMP
0770,6Q9BZKYU046N,GENERAL COMP
0771,6S4M4XOWZ6M8,GENERAL COMP
0772,W7VCR7RAG0FU,GENERAL COMP
0773,5YE0VKMIXNL0,GENERAL COMP
0774,CEZSM9FQEDBA,GENERAL COMP
0775,728YO2NAS5GO,GENERAL COMP
0776,82I150V04NDY,GENERAL COMP
0777,EY9UNRIIGHKI,GENERAL COMP
0778,29VZKRK3NY55,GENERAL COMP
0779,Z0AHJOROIGN1,GENERAL COMP
0780,17K9FI9B4108,GENERAL COMP
0781,2YR3KSK6NAGG,GENERAL COMP
0782,RQBFSZ27KHQD,GENERAL COMP
0783,GCFGO8VDRLIZ,GENERAL COMP
0784,2YDFZRDPR0IM,GENERAL COMP
0785,HOR5B7FSA2YO,GENERAL COMP
0786,JDT2P462763J,GENERAL COMP
0787,6A5NZVKDYGKQ,GENERAL COMP
0788,RXSYCWOAQDLJ,GENERAL COMP
0789,F4TONZPVBNAC,GENERAL COMP
0790,Q3S3R4GQMHJP,GENERAL COMP
0791,GN40Q7CTIEGM,GENERAL COMP
0792,Q93A7W5QG29G,GENERAL COMP
0793,0AITUZDEUOOT,GENERAL COMP
0794,B2CSHX5BTPCP,GENERAL COMP
0795,Y263EDEPW6R9,GENERAL COMP
0796,3AEHG9HEMPBU,GENERAL COMP
0797,SH2I49GS77Q5,GENERAL COMP
0798,NCGHSJS80HHB,GENERAL COMP
0799,RD2Z1FOL3FYV,GENERAL COMP
0800,RG7TGQDOFDHC,GENERAL COMP
0801,4X6KL7HWS3K9,GENERAL COMP
0802,95NVTU8NIJWC,GENERAL COMP
0803,YS06BZ0GS6HV,GENERAL COMP
0804,PD21LSD32ZM3,GENERAL COMP
0805,VH14I3XY3YA5,GENERAL COMP
0806,1NY46XXGY6R2,GENERAL COMP
0807,F7SY722NDHBM,GENERAL COMP
0808,RVZ5KWZ0TQPW,GENERAL COMP
0809,DACP07BVKW4O,GENERAL COMP
0810,N27UTQOOC9X9,GENERAL COMP
0811,HU6ENG62SX77,GENERAL COMP
0812,WQLY5JVGLVRQ,GENERAL COMP
0813,55E1KDCL9NEB,GENERAL COMP
0814,P2AH6N0UXW8Y,GENERAL COMP
0815,Z7NI26ZKBQ3S,GENERAL COMP
0816,0QOOVPYB96OV,GENERAL COMP
0817,G5PRDANY88EX,GENERAL COMP
0818,DY5W5PJYCHBA,GENERAL COMP
0819,FK3VUBFRGZZW,GENERAL COMP
0820,IJCYV79YC5V1,GENERAL COMP
0821,8WT5DB4R8OXV,GENERAL COMP
0822,PT4DTYBFADK5,GENERAL COMP
0823,J5444PI24UDO,GENERAL COMP
0824,3PVS58HCZVM1,GENERAL COMP
0825,ZT7E878C39D3,GENERAL COMP
0826,MNZ28J67RPS6,GENERAL COMP
0827,ZY8EV864N0P4,GENERAL COMP
0828,24SQWY2TTZ3U,GENERAL COMP
0829,V124BO76T4MP,GENERAL COMP
0830,4AYMDR7X6HAQ,GENERAL COMP
0831,68B2AEW0F1TB,GENERAL COMP
0832,3II9XW7VAX2D,GENERAL COMP
0833,EWAKC3LO9H6D,GENERAL COMP
0834,LAEBVZHSOWDO,GENERAL COMP
0835,U1K0Q238ZWTV,GENERAL COMP
0836,W3403WIQPIMI,GENERAL COMP
0837,UUFCWL16GM5M,GENERAL COMP
0838,QVHLS05T18BU,GENERAL COMP
0839,ULQ0Y5VH3LUT,GENERAL COMP
0840,M5NMZLJNAGX7,GENERAL COMP
0841,M696NFT3EQJW,GENERAL COMP
0842,WMC0P2CRU0I7,GENERAL COMP
0843,1QW35MYL5SGC,GENERAL COMP
0844,WEOB8FV2FWT2,GENERAL COMP
0845,LI8DV94EXS00,GENERAL COMP
0846,X0GJSRJMFPK7,GENERAL COMP
0847,3OZN9SO6VOGY,GENERAL COMP
0848,ERLZ7T8INFUJ,GENERAL COMP
0849,J4OP8TIT4FMQ,GENERAL COMP
0850,01VTJB6N0JZL,GENERAL COMP
0851,5QOFFE7V4G17,GENERAL COMP
0852,0FFC23DZZ3L3,GENERAL COMP
0853,AQ0J6JEM40ZE,GENERAL COMP
0854,8GDKVDUOMUQT,GENERAL COMP
0855,NU5PQK8R2TCE,GENERAL COMP
0856,20132JAVHB8F,GENERAL COMP
0857,0NO7TE3XTELU,GENERAL COMP
0858,CZF5KFFYUNPJ,GENERAL COMP
0859,AAKB453CFL4I,GENERAL COMP
0860,SLFA7G8PZNIQ,GENERAL COMP
0861,1TEKHYZKVKRM,GENERAL COMP
0862,M8KULMGD7642,GENERAL COMP
0863,LA104EDL2SY5,GENERAL COMP
0864,CEVI5KOJYPBV,GENERAL COMP
0865,1T2TJF0OXHPG,GENERAL COMP
0866,JFIF38FUVJCN,GENERAL COMP
0867,RD3TLKE5AB1I,GENERAL COMP
0868,HLFUCAMZYN8X,GENERAL COMP
0869,FZJIER7WXAFW,GENERAL COMP
0870,XZV3B8XXRVTG,GENERAL COMP
0871,T7RFX44QTKQM,GENERAL COMP
0872,48MPRFB0SUO0,GENERAL COMP
0873,LS6ADRBR62IG,GENERAL COMP
0874,MWRNGVVXNBZN,GENERAL COMP
0875,HIYTWJR6CVHA,GENERAL COMP
0876,BZ3GCH86BBZS,GENERAL COMP
0877,DJV1DFBZFATS,GENERAL COMP
0878,CUOPJ4HD7EMC,GENERAL COMP
0879,EMK8R4EHGIVF,GENERAL COMP
0880,09KUSTU2FHWS,GENERAL COMP
0881,57N91M6SHWV7,GENERAL COMP
0882,XWGNH5QTO7RT,GENERAL COMP
0883,HEDPJXPJWLXX,GENERAL COMP
0884,3B7UHKYN2ZX4,GENERAL COMP
0885,NZP9VTIG4UTO,GENERAL COMP
0886,6XPSTVY2A66F,GENERAL COMP
0887,7E20CHL3RC3T,GENERAL COMP
0888,3QHTXASGPCD7,GENERAL COMP
0889,824M3WR2XGDT,GENERAL COMP
0890,P0HHVQ1ZXU6U,GENERAL COMP
0891,S11ZONOUSNHS,GENERAL COMP
0892,T74Q27IM4E68,GENERAL COMP
0893,RSHGT96ZSJRR,GENERAL COMP
0894,SRRKL76G1IIP,GENERAL COMP
0895,UPI62FNOG5DJ,GENERAL COMP
0896,F90JQYKVGYSS,GENERAL COMP
0897,WISSUTA3W8OH,GENERAL COMP
0898,D31I30IKWSNM,GENERAL COMP
0899,Y8QEXIG7OP7E,GENERAL COMP
0900,D11UNXWE1DCG,GENERAL COMP
0901,VHRFB6MWRJW0,GENERAL COMP
0902,PBI5JHYO0S55,GENERAL COMP
0903,6DJQXGNBLAOM,GENERAL COMP
0904,P3X9EWM33K95,GENERAL COMP
0905,1SIWASXQ7NHE,GENERAL COMP
0906,ELOQ96ILG75B,GENERAL COMP
0907,XAE71FW13Q6S,GENERAL COMP
0908,TWV9JPCIUCM7,GENERAL COMP
0909,ELRFZTIDW3SL,GENERAL COMP
0910,ZYWN1FZFVGI2,GENERAL COMP
0911,TAS9MLXZ9NLL,GENERAL COMP
0912,SMHZ8LHERJ82,GENERAL COMP
0913,0H2ZZV90B27I,GENERAL COMP
0914,PKOE89C3NJT2,GENERAL COMP
0915,EV66UQHUH860,GENERAL COMP
0916,UJKKHOLTR8TY,GENERAL COMP
0917,WR20XSC05Q6C,GENERAL COMP
0918,TXF99INYHU43,GENERAL COMP
0919,R538GEXT48WL,GENERAL COMP
0920,3REJFORAK8YO,GENERAL COMP
0921,KFHZ1CASCIDK,GENERAL COMP
0922,VJKIZ26J01GY,GENERAL COMP
0923,8TGK2SCAU1O4,GENERAL COMP
0924,VK6GS7YP7H4V,GENERAL COMP
0925,KIX12IQ2NEPW,GENERAL COMP
0926,S029F9LK1U1N,GENERAL COMP
0927,WKVCSGSA2FLK,GENERAL COMP
0928,2ZSE8D1IZIL4,GENERAL COMP
0929,KNTZXEPLTK31,GENERAL COMP
0930,8UQVZHQDGPL6,GENERAL COMP
0931,QIJR9AXLW9IS,GENERAL COMP
0932,3HTCXYRM1N24,GENERAL COMP
0933,QRBSVC4CA40R,GENERAL COMP
0934,N3NV9G0KQU7T,GENERAL COMP
0935,W8WL06YV1FD0,GENERAL COMP
0936,IRZZCDB6NJ73,GENERAL COMP
0937,WD3B241E7QAT,GENERAL COMP
0938,2QLTVWVWI1XQ,GENERAL COMP
0939,JSCBWLLLF7IP,GENERAL COMP
0940,44XLFKECVYU5,Male
0941,GXE91J0QJPHP,Male
0942,F1CLWC5K662D,Male
0943,OEU538436WK8,Male
0944,I4BS8MM8UGQZ,Male
0945,OY1OJPU5QV8I,Male
0946,4594F2RJ3XFZ,Male
0947,8S6ISQKC1Y27,Male
0948,YI6MTTQMMEDZ,Male
0949,GW09EIHOTBGA,Male
0950,QWVV4B18HS6A,Male
0951,Y8QKT5FSOZQV,Male
0952,VTQ7942GWRQP,Male
0953,0QLTSOPWLPMM,Male
0954,PSJUJ7QROCH2,Male
0955,OU9TCPVWDYQ3,Male
0956,BK7EBJNXKWEV,Male
0957,TM9REO8QYRID,Male
0958,V30IF7AZR9G7,Male
0959,026IVQ8U1RQS,Male
0960,81RLQANX5FLA,Male
0961,6S46AHV5CXDG,Male
0962,TB56AK6N840B,Male
0963,PZK9JANI2RGH,Male
0964,B73RJERGXKLL,Male
0965,,Male
0966,XB81X13SNZ0I,Male
0967,KS1L5MQM1G8A,Male
0968,6DG009JI2WA0,Male
0969,3MASJBQMZ16U,Male
0970,F89KX8RSD8QO,Male
0971,36KURD6A05CH,Male
0972,C0AZQGPK7NBS,Male
0973,T5U8L0BE7SKZ,Male
0974,TY5LOJQFDG1T,Male
0975,0J12AFMU0BM2,Male
0976,TH65BY2UIGYO,Male
0977,BMFSJF320UNP,Male
0978,7JY3R9FV5EFN,Male
0979,AOXQP25PI4DL,Male
0980,E6OJRDBPBIMB,Male
0981,DSDH16Y29LO0,Male
0982,OYNN0S3UFBN5,Male
0983,82WQMWWM91CP,Male
0984,M4XSABN2TVBF,Male
0985,PBHHNQ5DFOOD,Male
0986,SPK6LCQL3R93,Male
0987,W77U8DG04W9V,Male
0988,2OUBL7TRNEIX,Male
0989,PKLQBPDNL1QJ,Male
0990,Z1OFDCT1IJ4H,Male
0991,W59E2RAWAQX5,Male
0992,AR8IUXWLYDQ1,Male
0993,X0F7OCCSHP5C,Male
0994,DSZMWQNQ9OLE,Male
0995,TBBFETR8HJYM,Male
0996,ETYPTAFKX08L,Male
0997,4X41JWW7EN65,Male
0998,0ICTLRU8PSXR,Male
0999,Z92TN9S247RM,Male
1000,NB3WXRYGX8J3,Male
1001,5N1BZ3FHAKFH,Male (Friends & Family)
1002,6HK6YPDUW3LE,Male (Friends & Family)
1003,YL9R044CC76Z,Male (Friends & Family)
1004,QR834A8UEQZ2,Male (Friends & Family)
1005,L2IJMTH6NRU0,Male (Friends & Family)
1006,301PHCXTPY26,Male (Friends & Family)
1007,WD6X23HYG9WZ,Male (Friends & Family)
1008,1RX4WDW63KUV,Male (Friends & Family)
1009,3LQFEZLVBV8A,Male (Friends & Family)
1010,QLWCIYS5F0K3,Male (Friends & Family)
1011,WGORXYQ4UG87,Male (Friends & Family)
1012,1VIMH6OB5NMV,Male (Friends & Family)
1013,Z3W8DYMSWWB6,Male (Friends & Family)
1014,LU4M52TQMVBU,Male (Friends & Family)
1015,QEXBWZX7S3AC,Male (Friends & Family)
1016,,Male (Friends & Family)
1017,HMQCE5AEPKFY,Male (Friends & Family)
1018,8W36I9LKKZVA,Male (Friends & Family)
1019,K29WUGTCESL6,Male (Friends & Family)
1020,PN7PVZL7J0LU,Male (Friends & Family)
1021,RJ9DJANN1XHV,Male (Friends & Family)
1022,PLJYQ148ISOL,Male (Friends & Family)
1023,OUVTJ4ZL1XJZ,Male (Friends & Family)
1024,19AP0RDZQ74S,Male (Friends & Family)
1025,TM0IAP6A3TOU,Male (Friends & Family)
1026,KIP706SOSL0I,Male (Friends & Family)
1027,KR0TDFQBZSG5,Male (Friends & Family)
1028,RWWA82R0NJFF,Male (Friends & Family)
1029,IV4GS7MQ4NJ1,Male (Friends & Family)
1030,LY4S5S60A0RY,Male (Friends & Family)
1031,OXJWSPA9JX2A,Male (Friends & Family)
1032,MRW9Q6D6UGGE,Male (Friends & Family)
1033,HMXAKUIAZS2H,Male (Friends & Family)
1034,TN9U2AII3GN9,Male (Friends & Family)
1035,EK7RRQT85GIU,Male (Friends & Family)
1036,Y1QNBCD32UUR,Male (Friends & Family)
1037,ZGKY484OUD8Y,Male (Friends & Family)
1038,M27X5J8BG86A,Male (Friends & Family)
1039,D2KCU0IZUDW0,Male (Friends & Family)
1040,1Y9UVJPF7ZKG,Male (Friends & Family)
1041,6Q5NGEGKBBNI,Male (Friends & Family)
1042,IMWOMQ9RXZRU,Male (Friends & Family)
1043,X3FVDQKLFWZT,Male Early Bird
1044,NF7FQ1WCGX5J,Male Early Bird
1045,7VW2YCCFBOLX,Male Early Bird
1046,2JTUT2J1M64D,Male Early Bird
1047,Y9W80J81Z6VV,Male Early Bird
1048,P0E12Y0JSKUM,Male Early Bird
1049,F8SK83Y56GQS,Male Early Bird
1050,81R4CCPLVJAX,Male Early Bird (Friends & Family)
1051,26D21GMBYK1K,Male Early Bird (Friends & Family)
1052,BCO63CVQR07T,Male Early Bird (Friends & Family)
1053,8XNLLXLR31FI,Male Early Bird (Friends & Family)
1054,V0HFL3L2QUX8,Male Early Bird (Friends & Family)
1055,WAY2P0TZQGB2,Male Early Bird (Friends & Family)
1056,OWR1L2L07JIV,Male Early Bird (Friends & Family)
1057,71S9TX963073,Male Early Bird (Friends & Family)
1058,8Z7JCWNLLPD3,Male Early Bird (Friends & Family)
1059,GY2D8NCX9S3X,Male Early Bird (Friends & Family)
1060,1X5W7PK3H8KN,Male Early Bird (Friends & Family)
1061,PTEZSZC7VLXW,Male Early Bird (Friends & Family)
1062,8BZ1LODWB17Y,Male Early Bird (Friends & Family)
1063,41NCPNGKJCCN,Male Early Bird (Friends & Family)
1064,8CMSA6HGSFLJ,Male Early Bird (Friends & Family)
1065,KXBBDEQ5Z1DS,Male Early Bird (Friends & Family)
1066,SZOTZ25SHH8A,Male Early Bird (Friends & Family)
1067,ARJ5LES859H0,Male Early Bird (Friends & Family)
1068,YT262CL2EFSL,Male Early Bird (Friends & Family)
1069,P9FY5XDB48BT,Male Early Bird (Friends & Family)
1070,1SS0BG1G0YR2,Male Early Bird (Friends & Family)
1071,0GW11FT3RO5Y,Male Early Bird (Friends & Family)
1072,V25W0GLZHCPK,Male Early Bird (Friends & Family)
1073,A5KOBNXRGDPQ,Male Early Bird (Friends & Family)
1074,KWLWWOMIBZVN,Male Early Bird (Friends & Family)
1075,SIM6CTUUVOBL,Male Early Bird (Friends & Family)
1076,GZ808UGL3DOF,Male Early Bird (Friends & Family)
1077,OVRLKUOFO4V7,Male Early Bird (Friends & Family)
1078,PZ2I7KCWLPTC,Male Early Bird (Friends & Family)
1079,4Q5VID2NMXC0,Male Tier 2
1080,E37WXHCI85TY,Male Tier 2
1081,SVCXGZOGHZAE,Male Tier 2
1082,SDP1FLZPZKU3,Male Tier 2
1083,Q51078N1B5RT,Male Tier 2
1084,IWE1ISKIHUP8,Male Tier 2
1085,Y1VR5W3GZMPV,Male Tier 2
1086,200HNCUJRBND,Male Tier 2
1087,8RL4T60WEWZN,Male Tier 2
1088,YWAU7J5AEJ3I,Male Tier 2
1089,5LNMPE0NOO66,Male Tier 2
1090,8HFGUOSR1V7I,Male Tier 2
1091,UFYYVGEMCSPX,Male Tier 2
1092,HBJOBZV4W40O,Male Tier 2
1093,5AD2G2V2X3BX,Male Tier 2
1094,PPCDUCWLRX05,Male Tier 2
1095,V07YQ36GPVAN,Male Tier 2
1096,KBSJXJLA41B7,Male Tier 2
1097,SEPKUV4F6HPR,Male Tier 2
1098,STAGQZR6E1E4,Male Tier 2
1099,PJCBO6JJEKIJ,Male Tier 2
1100,YZDW0UAZ1MV7,Male Tier 2
1101,H1QSHRMUN8VE,Male Tier 2
1102,3H8PLEIQAMRZ,Male Tier 2
1103,599WVNW7L018,Male Tier 2
1104,66CH339AWOEK,Male Tier 2
1105,G51RVKUXD23T,Male Tier 2
1106,MYVEBEIYM4BH,Male Tier 2
1107,F00OPQXX218W,Male Tier 2
1108,TODJWW5P127I,Male Tier 2
1109,0MXMXV9I1P6J,Male Tier 2
1110,M3RUTLKZB3JS,Male Tier 2
1111,QGGAKIRXI4K6,Male Tier 2
1112,A0LJ15TC5X0M,Male Tier 2
1113,IN57MFHCAPTV,Male Tier 2
1114,ZC1JAAIAOC74,Male Tier 2
1115,28OPRB8R2P06,Male Tier 2
1116,3D811L0PS4M7,Male Tier 2
1117,2T71QS13DCTP,Male Tier 2
1118,5IG4C88I00T6,Male Tier 2
1119,FMVI2IZ8B5LE,Male Tier 2
1120,7F3DFU95TWMK,Male Tier 2
1121,BMFD97V133TB,Male Tier 2
1122,N9E8922IHK7M,Male Tier 2
1123,31HI56TSSFEW,Male Tier 2
1124,872SWUQ1F4OS,Male Tier 2
1125,8NRQ4I7CUBCR,Male Tier 2
1126,GBRSHMP6NDNQ,Male Tier 2
1127,MPPANRMEOVB9,Male Tier 2
1128,OJ6NNH1AZEL1,Male Tier 2
1129,Z1TXEWEFZCNV,Male Tier 2
1130,38TYOUUJFEOK,Male Tier 2
1131,ZJ5F35V5IWR6,Male Tier 2
1132,Z15CCPV5DJH6,Male Tier 2
1133,5YKM0I5XB2BQ,Male Tier 2
1134,UTM1OHU1O43P,Male Tier 2
1135,0114UWV72GCS,Male Tier 2
1136,P65QSNIQ1ABB,Male Tier 2
1137,AOPAOU9D5KLQ,Male Tier 2
1138,4UDA0KNFIOYU,Male Tier 2
1139,Q76YAC5PHHMW,Male Tier 2
1140,T5Q4VH08XL9L,Male Tier 2
1141,9XN1KSA79Z1X,Male Tier 2
1142,Y3RGFNDH72JF,Male Tier 2
1143,7MDD522C9OAE,Male Tier 2
1144,R6LJBXUMP38X,Male Tier 2
1145,NHWQZ7GOO3N7,Male Tier 2
1146,GHVEG4PKD43M,Male Tier 2
1147,CB0RLV45CLCZ,Male Tier 2
1148,4CW898VI5IOZ,Male Tier 2
1149,ZUOD9THXENWR,Male Tier 2
1150,8Z1GO6N27FW1,Male Tier 2
1151,Q6QI3IW4XW7I,Male Tier 2
1152,PQPC1EWQM8DO,Male Tier 2
1153,JVWVCQW5YT6A,Male Tier 2
1154,OH2467T43Z83,Male Tier 2
1155,9L1MSPO0NVOA,Male Tier 2
1156,JE1EARDBBZ2B,Male Tier 2
1157,A85GKHT7SVZQ,Male Tier 2
1158,4XPCVV6MW6B1,Male Tier 2
1159,NXXI6F6GAFI9,Male Tier 2
1160,JX6MZR4B9Z32,Male Tier 2
1161,UWJRF3QMXCWN,Male Tier 2
1162,RQ3X7L0EH2AK,Male Tier 2
1163,Q88M0DA73VKA,Male Tier 2
1164,34YHS3RNRYKL,Male Tier 2
1165,XXFP3NLTCREH,Male Tier 2
1166,5QCRSE9MGJ1Q,Male Tier 2
1167,NE8BFQ8HRMH3,Male Tier 2
1168,DOW55CUIZ6TR,Male Tier 2
1169,2U23VRAUDPBI,Male Tier 2
1170,87XWHN27BAS0,Male Tier 2
1171,RCF7Z28Y9809,Male Tier 2
1172,RG3LPKD05RAB,Male Tier 2
1173,Y8FCE5HMJUP4,Male Tier 2
1174,5Y2CBXD06HID,Male Tier 2
1175,X4UYLLQ7ZJ4D,Male Tier 2
1176,U5OIVO9F2UJK,Male Tier 2
1177,FZAIU6QUJ56V,Male Tier 2
1178,Z0JILP37PE5Y,Male Tier 2
1179,1TK3WNXD2POQ,Male Tier 2
1180,DFD9H33IL7H8,Male Tier 2
1181,ONZKQIWTGTMB,Male Tier 2
1182,ZSP5HP0WNVAA,Male Tier 2
1183,NUWT9XB14PK0,Male Tier 2
1184,18JC4SDUEYQW,Male Tier 2
1185,4LDIAX39044X,Male Tier 2
1186,T4J3ZI6XGP9H,Male Tier 2
1187,DOPEAPZJ0VT4,Male Tier 2
1188,W9HBW3UOYVAF,Male Tier 2
1189,NNEWGMFA3CBG,Male Tier 2
1190,JRM5UHMNVS51,Male Tier 2
1191,R51HFL7LKFSA,Male Tier 2
1192,558R2X5EMOVY,Male Tier 2
1193,WA02N9R35S4Q,Male Tier 2
1194,Q1BE6BSEZD81,Male Tier 2
1195,1SFN2RJE5AZ0,Male Tier 2
1196,JV42RJ2XQ05C,Male Tier 2
1197,MGODRAFH4B7G,Male Tier 2
1198,PN1MD1AQQXVI,Male Tier 2
1199,S24ILKTYTFLT,Male Tier 2
1200,L8CRZRIMG68K,Male Tier 2
1201,I2POZC8W3C60,Male Tier 2
1202,OP3H5Y8EZFME,Male Tier 2
1203,FT63649QURD2,Male Tier 2
1204,7RBH09UU5H3B,Male Tier 2
1205,CV76AS8O0C9U,Male Tier 2
1206,SCE88A3XFX2T,Male Tier 2
1207,I00OIX405V31,Male Tier 2
1208,WLIJ5Q9XZ9AC,Male Tier 2
1209,BK1I6E2EXPQ7,Male Tier 2
1210,2D7AOK7Y2W11,Male Tier 2
1211,MQSYZ9GMOZT4,Male Tier 2
1212,UVERPG6IB1IJ,Male Tier 2
1213,HG32YCT3JXF1,Male Tier 2
1214,UTM0SJQQ4VFY,Male Tier 2
1215,CYFW1K3CIS32,Male Tier 2
1216,4QL0BN7TNSY4,Male Tier 2
1217,4S65X4EJW0L8,Male Tier 2
1218,V7A4PWMKCIBN,Male Tier 2
1219,CPZS86MRC5BD,MEDIA COMP
1220,UI5Y7XR263KX,MEDIA COMP
1221,ONOY26Y8F8AZ,MEDIA COMP
1222,BW3Q6YEUVMIG,MEDIA COMP
1223,W69O7GNYHV8Z,MEDIA COMP
1224,U6HGAIVP7X3P,MEDIA COMP
1225,RNL065UZVNBP,MEDIA COMP
1226,RXQGPC6QBYWV,MEDIA COMP
1227,GRNB84EDVKET,MEDIA COMP
1228,FT25M1CKCP7M,MEDIA COMP
1229,OIG83VRM83WX,MEDIA COMP
1230,AEZ9O71T7R6Z,MEDIA COMP
1231,EPG0IU8KUGF2,MEDIA COMP
1232,NUWRAY0DW335,MEDIA COMP
1233,9EDJO835S6GJ,MEDIA COMP
1234,MKGHDG3ZXN7W,MEDIA COMP
1235,3L6SPMPUA7LU,MEDIA COMP
1236,GOEK35M0ROR0,MEDIA COMP
1237,FIK8IBZBQXY5,MEDIA COMP
1238,V03Q5PPKBQGQ,MEDIA COMP
1239,HJLVW8VSIXP0,MEDIA COMP
1240,IOA1P9PB2QQR,MEDIA COMP
1241,0085QKHSNO0E,MEDIA COMP
1242,GE8RG96WQGTA,MEDIA COMP
1243,F73AKYEOCL9P,MEDIA COMP
1244,CF1E70K64NDV,MEDIA COMP
1245,B9J7A7BS1WTD,MEDIA COMP
1246,OG13EEYH8UU4,MEDIA COMP
1247,D1X68VRHVP5A,MEDIA COMP
1248,P3D4X3N0G0VP,MEDIA COMP
1249,Q2W620S4SXVE,MEDIA COMP
1250,TTJETBHS4LQ7,MEDIA COMP
1251,6UQFX1CD96VH,MEDIA COMP
1252,A317E9TMMW03,MEDIA COMP
1253,RB1O776R87CR,MEDIA COMP
1254,8CZ2XNKXCNRJ,MEDIA COMP
1255,R4E2EF5YJCZP,MEDIA COMP
1256,2FUM3H81U0TB,MEDIA COMP
1257,ORPXWQDB8SX4,MEDIA COMP
1258,41379RRN2M7U,MEDIA COMP
1259,HOF67EJU0M7H,MEDIA COMP
1260,257DYCYQD0MN,MEDIA COMP
1261,NC67TNVT62LN,MEDIA COMP
1262,GEAXXXOWI7AW,MEDIA COMP
1263,XOMMVDLUWPJB,MEDIA COMP
1264,2Y0755XQA5S8,MEDIA COMP
1265,V77LXM67T81Y,MEDIA COMP
1266,KON52UPODJT0,MEDIA COMP
1267,VJWFVG92I60Y,MEDIA COMP
1268,JRCF14ISM6CY,MEDIA COMP
1269,7PDO7L9EP8IY,MEDIA COMP
1270,TAYAV60KXX9R,MEDIA COMP
1271,3872BFT4AQSY,MEDIA COMP
1272,SPQHFTSGLRPU,MEDIA COMP
1273,T6IGOHBLF3S3,MEDIA COMP
1274,0PDTNPKL9LS2,MEDIA COMP
1275,4A653MJXRSFX,MEDIA COMP
1276,IS4D8787AICS,MEDIA COMP
1277,VRY3KZYTIA1X,MEDIA COMP
1278,72MG8RB101HT,MEDIA COMP
1279,B27JNLQXASJN,MEDIA COMP
1280,RQMT0B04OCY4,MEDIA COMP
1281,99DRAB2XH31U,MEDIA COMP
1282,N4JF3QHGTMQC,MEDIA COMP
1283,TU5TFLY1EQ94,MEDIA COMP
1284,Y4QL3UZ1DYFA,MEDIA COMP
1285,SK16E0YFX7ZZ,MEDIA COMP
1286,MSCRM3HCT8Y6,MEDIA COMP
1287,8DJNZB8F0VHT,MEDIA COMP
1288,IO94SA6N6WFZ,MEDIA COMP
1289,HK1QS2SXS9XM,MEDIA COMP
1290,7VHNH2ATOJXL,MEDIA COMP
1291,K3DOQU7ASUHB,MEDIA COMP
1292,K41SHD5TJD21,MEDIA COMP
1293,7P805RXCCIY4,MEDIA COMP
1294,FRZ3JU0QCBA6,PUMP NATION COMPS
1295,6VE7ISI9CABH,PUMP NATION COMPS
1296,RRV1WZLUNJ2R,PUMP NATION COMPS
1297,GHO5G46YMYX9,PUMP NATION COMPS
1298,0KO7Y1FN1N9M,PUMP NATION COMPS
1299,SMUUY8HSSWV7,PUMP NATION COMPS
1300,SN38LQFOXV2Q,PUMP NATION COMPS
1301,RYLUFWLTNXXO,PUMP NATION COMPS
1302,ESH2CPLN378K,PUMP NATION COMPS
1303,DE7RQIQ1XVS3,PUMP NATION COMPS
1304,NW0RV87P4RGO,PUMP NATION COMPS
1305,BFM58S8N2R0C,PUMP NATION COMPS
1306,FM5QIK0MOVIW,PUMP NATION COMPS
1307,EEQD7R209450,PUMP NATION COMPS
1308,MU4NL6L14QV9,PUMP NATION COMPS
1309,MNE8NY3GJU3U,PUMP NATION COMPS
1310,9IFUKF4J2X35,PUMP NATION COMPS
1311,I0A1WV3PS9QE,PUMP NATION COMPS
1312,1QXCAKOBLEH2,PUMP NATION COMPS
1313,EDHJGXEQHRFG,PUMP NATION COMPS
1314,N8ZRJ3PDO8UV,PUMP NATION COMPS
1315,4MMNR2ALCL2K,PUMP NATION COMPS
1316,DTIWNZ0N2Q0J,PUMP NATION COMPS
1317,8J8PV2IID2KH,PUMP NATION COMPS
1318,HCUHW9FM26OF,PUMP NATION COMPS
1319,EU8KIPHQO4IA,PUMP NATION COMPS
1320,L0WF8GI10K6A,PUMP NATION COMPS
1321,50KGK7A0TPPL,PUMP NATION COMPS
1322,DC7J7TWIBWU7,PUMP NATION COMPS
1323,G6985L2FWTR3,PUMP NATION COMPS
1324,305C1QJ2WC6D,PUMP NATION COMPS
1325,CJ77DQ88PMQM,PUMP NATION COMPS
1326,D10EJL75V59R,Sponsor Comp
1327,QI678ZPQVAO3,Sponsor Comp
1328,LG8C8V3PPJP1,Sponsor Comp
1329,7GVAJMQQNESI,Sponsor Comp
1330,BHRQC1YHG7PO,Sponsor Comp
1331,F2YH5L5AFY4V,Sponsor Comp
1332,YFX20CHQ1BPQ,Sponsor Comp
1333,TTFVM03ZQKOY,Sponsor Comp
1334,K09TD4GT7D95,Sponsor Comp
1335,6W864RGXJ99S,Sponsor Comp
1336,LTLXCZKXBLYG,Sponsor Comp
1337,ZDLOIRMHUR0M,Sponsor Comp
1338,ILCGVO3K4ILR,Sponsor Comp
1339,MMCS1BH6YHR3,Sponsor Comp
1340,YUULLR4D3R9A,STAFF COMPS
1341,D9MQHF0NA8KC,STAFF COMPS
1342,HM7YFTRBEAIP,STAFF COMPS
1343,C0035LEURJQ8,STAFF COMPS
1344,29LMJAZ6PBX6,STAFF COMPS
1345,FPTAUM0MWXP1,STAFF COMPS
1346,XY002O521GKF,STAFF COMPS
1347,TXM9QJVO2CCB,STAFF COMPS
1348,SDFJ6AUWA3L3,STAFF COMPS
1349,TS1QZX9CSXRM,STAFF COMPS
1350,3AEIWAFHOQ0F,STAFF COMPS
1351,I57ERVP6N33W,STAFF COMPS
1352,686G5GUUV53L,STAFF COMPS
1353,MM253LZD9OEH,STAFF COMPS
1354,CGZHCWV86RJT,STAFF COMPS
1355,HHDX8AEGQBRX,STAFF COMPS
1356,YCJEIWKHICMR,STAFF COMPS
1357,MOCI3Y6V3XBQR6SG,STAFF COMPS
1358,ZO8ZIH78KULHKCF4,STAFF COMPS
1359,UFKXKUDC4H67,STAFF COMPS
1360,WBRNXZAMLQR2,VIBE NATION COMPS
1361,RO16705OVSKV,VIBE NATION COMPS
1362,FRNA8MURI5GU,VIBE NATION COMPS
1363,54HXEBQ7IR1U,VIBE NATION COMPS
1364,BW8TADKKEDC5,VIBE NATION COMPS
1365,HTYIG47A2GX2,VIBE NATION COMPS
1366,CBD5Q18R39DW,VIBE NATION COMPS
1367,HTSY0LYXGPWD,VIBE NATION COMPS
1368,25Y3C2QO54Y8,VIBE NATION COMPS
1369,9294NXG86TWC,VIBE NATION COMPS
1370,3PLPNJN3XSEU,VIBE NATION COMPS
1371,SLKXEZFTFXAD,VIBE NATION COMPS
1372,MNJLRO37OR79,VIBE NATION COMPS
1373,SDOT7ZGOVTM8,VIBE NATION COMPS
1374,QX1SXIVLCALR,VIBE NATION COMPS
1375,N85VMXFDT3OJ,VIBE NATION COMPS
1376,B9ERKCICXRWX,VIBE NATION COMPS
1377,X8U3UMKE2AGJ,VIBE NATION COMPS
1378,XW82LT28R5GG,VIBE NATION COMPS
1379,484JPTW6HG6H,VIBE NATION COMPS
1380,0FJ7TQY8RI4Q,VIBE NATION COMPS
1381,0WS8EY7ZQ18D,VIBE NATION COMPS
1382,BKVCE2S609C5,VIBE NATION COMPS
1383,PRRTB8KN304B,VIBE NATION COMPS
1384,A0N4HA4NS84N,VIBE NATION COMPS
1385,TDBTZNBHBS3C,VIBE NATION COMPS
1386,KF31C30MI5PZ,VIBE NATION COMPS
1387,A4BDZ1PIUVIE,VIBE NATION COMPS
1388,GBN2CFC6VPE0,VIBE NATION COMPS
1389,7BLPS7SAIZXT,VIBE NATION COMPS
1390,RSL44PXXGT9T,VIBE NATION COMPS
1391,Z6700KYZDFHH,VIBE NATION COMPS
1392,R9V684CFGPBH,VIBE NATION COMPS
1393,5JZ60ETGHQI0,VIBE NATION COMPS
1394,H68ES9GLVM5I,VIBE NATION COMPS
1395,5Z6YMJR72BU8,VIBE NATION COMPS
1396,QTIHCSSR1RC4,VIBE NATION COMPS
1397,KC00NCYA4285,VIBE NATION COMPS
1398,1I6I1DOJ8W30,VIBE NATION COMPS
1399,T9PGFPP3E3RO,VIBE NATION COMPS
1400,O1J9HPQPUH9C,VIBE NATION COMPS
1401,GU82SPZDLPM9,VIBE NATION COMPS
1402,5SURMPIC8BVI,VIBE NATION COMPS
1403,JNAXBC9OTQ9T,VIBE NATION COMPS
1404,UC7OUV419DTY,VIBE NATION COMPS
1405,WCQQFK4T83VV,VIBE NATION COMPS
1406,WC5C4CLN7SNL,VIBE NATION COMPS
1407,HG6QO35AR7KW,VIBE NATION COMPS
1408,T7NORRGKGEKU,VIBE NATION COMPS
1409,2Q4LLW3JEZ6M,VIBE NATION COMPS
1410,WHGBLNA7WG52,VIBE NATION COMPS
1411,MVT7WJFCNBC8,VIBE NATION COMPS
1412,AHDATND1UXXG,VIBE NATION COMPS
1413,D3U8Z294GQCX,VIBE NATION COMPS
1414,AFHB8WIMMJOW,VIBE NATION COMPS
1415,YISRM9OZFRZT,VIBE NATION COMPS
1416,AC4GLVL5MBES,VIBE NATION COMPS
1417,JX1DO14STJJH,VIBE NATION COMPS
1418,LCKY8DO3BOK4,VIBE NATION COMPS
1419,S2NWCXTA6NXF,VIBE NATION COMPS
1420,87A0JOWRICB8,VIBE NATION COMPS
1421,W54HWNFFBVWN,VIBE NATION COMPS
1422,KLMUX4HZJA13,VIBE NATION COMPS
1423,ETB1K5K3WYV3,VIBE NATION COMPS
1424,GT8IWO14CPQR,VIBE NATION COMPS
1425,EEXSWBORUBSF,VIBE NATION COMPS
1426,L6S6EXHJ9FZB,VIBE NATION COMPS
1427,MHGEMYNSJWDC,VIBE NATION COMPS
1428,FAQYZJ90ENQV,VIBE NATION COMPS
1429,RK4N6E2DGS0Z,VIBE NATION COMPS
1430,VVU8G7NVWRPP,VIBE NATION COMPS
1431,C43LMUYVYL2X,VIBE NATION COMPS
1432,S6S9F1C7Y3K2,VIBE NATION COMPS
1433,YLJR9HZ2OOXN,VIBE NATION COMPS
1434,5O90EM5BDFEL,VIBE NATION COMPS
1435,ABDILAHAEKL2,VIBE NATION COMPS
1436,GERN36TDPSOX,VIBE NATION COMPS
1437,TQVU2UCDG9QY,VIBE NATION COMPS
1438,3DXZK9G1SA68,VIBE NATION COMPS
1439,DHNLYLLB4OO1,VIBE NATION COMPS
1440,S8BF71GG54CU,VIBE NATION COMPS
1441,N7K1HLD5JGNP,VIBE NATION COMPS
1442,JCRBZAOIWQR8,VIBE NATION COMPS
1443,9FBN8YCVBVD5,VIBE NATION COMPS
1444,SM9HMW0XTW0M,VIBE NATION COMPS
1445,EN2L7M2MXEF5,VIBE NATION COMPS
1446,2XHPU1W3915I,VIBE NATION COMPS
1447,FUE0TKGF0QXD,VIBE NATION COMPS
1448,W5CIL2LTA5R9,VIBE NATION COMPS
1449,FB857HDPWD31,VIBE NATION COMPS
1450,0XK4DM1L199O,VIBE NATION COMPS
1451,EME3RH3ZFRLI,VIBE NATION COMPS
1452,ZOQ1N937SASE,VIBE NATION COMPS
1453,C2XBU4VZZKE8,VIBE NATION COMPS
1454,W7PSSZDKTTO2,VIBE NATION COMPS
1455,X8ECWBEDVNEI,VIBE NATION COMPS
1456,BWE3IQ3Z9UIS,VIBE NATION COMPS
1457,BDERS41QGVV7,VIBE NATION COMPS
1458,U79NSU6FRKKG,VIBE NATION COMPS
1459,QW41WEYX6KH9,VIBE NATION COMPS
1460,VWL7LIMO6RMT,VIBE NATION COMPS
1461,8HBH8UCIQYE5,VIBE NATION COMPS
1462,01FIBAPB5VPN,VIBE NATION COMPS
1463,D2SBXINM6PC3,VIBE NATION COMPS
1464,0C3EZXZPBUH6,VIBE NATION COMPS
1465,8FBF1PUYYK9A,VIBE NATION COMPS
1466,871IN7NXPPXR,VIBE NATION COMPS
1467,37PFPMMDKWLG,VIBE NATION COMPS
1468,LEJ6YEGJJWV7,VIBE NATION COMPS
1469,POE1ZGS0K3C4,VIBE NATION COMPS
1470,TXLCHCBWPWL1,VISA VIP
1471,93ICVCF4SYKQ,VISA VIP
1472,0KR7J452SSWD,VISA VIP
1473,JPXY1WF30RSD,VISA VIP
1474,0MGIPE65A0SY,VISA VIP
1475,BDJRSVT1FNQI,VISA VIP
1476,O1OFHZH469JT,VISA VIP
1477,9TVNEO78EULF,VISA VIP
1478,WNB4Y80IQF7P,VISA VIP
1479,5X3QPPAFEKKQ,VISA VIP
1480,VCOZ39H1X1XV,VISA VIP
1481,GEM8B52ZDRQK,VISA VIP
1482,DH5HKIYNNLXA,VISA VIP
1483,LIO16R9938W9,VISA VIP
1484,GQLR1CA23I6U,VISA VIP
1485,FO6KOXITGKN1,VISA VIP
1486,TOPSICOO7W66,VISA VIP
1487,E8LBTH2B4DY6,VISA VIP
1488,UGJKBCVT14XO,VISA VIP
1489,TOAGJT8P0Y6G,VISA VIP
1490,ETOHY1I5ESYH,VISA VIP
1491,W711R6197KFD,VISA VIP
1492,22WKWRXA6ZKD,VISA VIP
1493,WUG2NPKO0IA7,VISA VIP
1494,OZ0UCICU717U,VISA VIP
1495,3AG0K416N3KJ,VISA VIP
1496,JVJFEZM4RUOQ,VISA VIP
1497,NAZIF4LJSCPS,VISA VIP
1498,PJLYALIKXC0E,VISA VIP
1499,28IWE2E76CRX,VISA VIP
1500,YC1K1P7ZWU2G,VISA VIP
1501,963IZNV0X8WD,VISA VIP
1502,JN3WU6JYXKZ5,VISA VIP
1503,ZDCKA6DKFGFV,VISA VIP
1504,F5ZJNKGW0G57,VISA VIP
1505,G4RGWOQW1C9J,VISA VIP
1506,BWHHA9DDBEEZ,VISA VIP
1507,6M67YO1RA7US,VISA VIP
1508,BMFZGJQ6NMDS,VISA VIP
1509,FU2W8CEGMNO5,VISA VIP
1510,RVOLVE36K8JS,VISA VIP
1511,19T2TJZH0HD0,VISA VIP
1512,GRBAVRHKODAI,VISA VIP
1513,7DNB0BN6CIZY,VISA VIP
1514,XEZN66DS6H9U,VISA VIP
1515,B37NY2K3GQRT,VISA VIP
1516,4JKC4IBD3OD3,VISA VIP
1517,R2KP1TWRESO5,VISA VIP
1518,OCO2PJPPT6LJ,VISA VIP
1519,SDZX8WL73KUL,VISA VIP
1520,1P39A8NZ226J,VISA VIP
1521,8TL9KFMO5MA8,VISA VIP
1522,0F96CS523F80,VISA VIP
1523,78S071S2A9ZV,VISA VIP
1524,JWJW4GD2VOXM,VISA VIP
1525,5BXR1TE0H5VZ,VISA VIP
1526,T6L13BWV52WN,VISA VIP
1527,K1314DIXGK1S,VISA VIP
1528,2EG6KVWR2497,VISA VIP
1529,7LHUWY2VPAAX,VISA VIP
1530,OR8I0J32HYY8,VISA VIP
1531,HDASYRH4VJAM,VISA VIP
1532,ZOS3EK566PDV,VISA VIP
1533,AWJEZHIT8DWP,VISA VIP
1534,JZAPAKA3JBQA,VISA VIP
1535,DUIGV4U8MU17,VISA VIP
1536,F6W35E69I32P,VISA VIP
1537,OTP3AZ77T83U,VISA VIP
1538,TMUWR0I8M777,VISA VIP
1539,C02P7NB5THIO,VISA VIP
1540,96RK515GWRWZ,VISA VIP
1541,BZ3L5K3KIU5E,VISA VIP
1542,MHROYQM685A4,VISA VIP
1543,46EZT8PD921A,VISA VIP
1544,45N6VCFZ0VZ3,VISA VIP
1545,OLU5INQCK4H2,VISA VIP
1546,EZOPWC74PNJK,VISA VIP
1547,47JOBYLVN6V8,VISA VIP
1548,JTPLHP078D99,VISA VIP
1549,WHRYLM8XSXHZ,VISA VIP
1550,L4J0XCZEV0RG,VISA VIP
1551,0HLWIB1G4LIW,VISA VIP
1552,DZ12ZWZ7M0MO,VISA VIP
1553,LVNYKYSAF5JU,VISA VIP
1554,O5LF78GKXDA2,VISA VIP
1555,AXLK47XS7X8L,VISA VIP
1556,0WFXZR7XF2WH,VISA VIP
1557,EUM90NTUE9V0,VISA VIP
1558,5HSEMGKPINPM,VISA VIP
1559,7MABNDKU0M69,VISA VIP
1560,VWL6F64JYN99,VISA VIP
1561,6QJHOC6GH1WV,VISA VIP
1562,337TUXKQYJXS,VISA VIP
1563,7LFJG6S52GGL,VISA VIP
1564,QPK0DN06BXPZ,VISA VIP
1565,MFDYEGM18F3L,VISA VIP
1566,G7DY1ZECGRXI,VISA VIP
1567,84DQ7KO50806,VISA VIP
1568,KMMXM294WV8O,VISA VIP
1569,Z9NPVR0NBPOU,VISA VIP
1570,LSWF3B31A4UX,VISA VIP
1571,HK2OJQ01JEVE,VISA VIP
1572,61JI8YJM1YZG,VISA VIP
1573,PXOMS1YOOB1U,VISA VIP
1574,OQ8OPXVDYGX2,VISA VIP
1575,42S5D1RZI5NY,VISA VIP
1576,LMLFNF9P38ZK,VISA VIP
1577,MPN7MF3UITF0,VISA VIP
1578,0ZS104C79Y5G,VISA VIP
1579,8VR7OA6WGN3X,VISA VIP
1580,WR3QUBB1I44S,VISA VIP
1581,UVSXB4XFDWCA,VISA VIP
1582,6NPSGYIH20CN,VISA VIP
1583,68PDJHGKI4LH,VISA VIP
1584,XUUM7PX7WE9L,VISA VIP
1585,MYLFY5G2O3BN,VISA VIP
1586,DTFJR3S2AQDA,VISA VIP
1587,28OP3AKND0A1,VISA VIP
1588,DNLADU8IFJW7,VISA VIP
1589,AP5CVQZWO9PB,VISA VIP
1590,HYK5I046KOFY,VISA VIP
1591,9K5MTLQAMQB5,VISA VIP
1592,ZM0OEXXDL4AR,VISA VIP
1593,8IPE56845XPO,VISA VIP
1594,AXVWIF92QTPY,VISA VIP
1595,G6OU9HPSC8LS,VISA VIP
1596,AUFK1KC4EP6Z,VISA VIP
1597,MU1OMNXODB4Z,VISA VIP
1598,C1AFFT1XHYOQ,VISA VIP
1599,6TDDO1WXYHMN,VISA VIP
1600,HEBNO55EGP8Q,VISA VIP
1601,Q7QEFUU70K01,VISA VIP
1602,14BSA6EYSEF1,VISA VIP
1603,A3DITENWREZK,VISA VIP
1604,J9I9OX1ZO0HR,VISA VIP
1605,7YYA8DSYB01C,VISA VIP
1606,57T29KWSRU89,VISA VIP
1607,H9IXI1IIY08W,VISA VIP
1608,WICMBBFK9TFW,VISA VIP
1609,S04M44C8HEYL,VISA VIP
1610,2IMAJNO66V87,VISA VIP
1611,COEDHEUIZF2X,VISA VIP
1612,HLZN1OPJK045,VISA VIP
1613,1GVIOGBJHSIV,VISA VIP
1614,83PW245WLZ2E,VISA VIP
1615,12KO91AH6DNC,VISA VIP
1616,AAAPX4CB2F5F,VISA VIP
1617,Z1X2398GENPV,VISA VIP
1618,HRA2ESOUO3CJ,VISA VIP
1619,CL7M3USC4OEH,VISA VIP
1620,XA6652ANTOH3,VISA VIP
1621,XDIKQGSGR31E,VISA VIP
1622,5MOS1RCQDLE9,VISA VIP
1623,ICSVCMKGITCG,VISA VIP
1624,J4SDBUKM2P01,VISA VIP
1625,R5K791XVSCB6,VISA VIP
1626,O3SIS3C8KCGL,VISA VIP
1627,ONB8Y050O8EG,VISA VIP
1628,S0IN1TTJ3OJW,VISA VIP
1629,F8SEEU7IP7W4,VISA VIP
1630,HOD7UKR1TN10,VISA VIP
1631,HOZ6EMUD4RAI,VISA VIP
1632,U57I1V9IHQR4,VISA VIP
1633,NO1U4OT0PBDI,VISA VIP
1634,NT18AV7PX26E,VISA VIP
1635,13ANF77Z1UQG,VISA VIP
1636,MNR5WAK844FM,VISA VIP
1637,IGNV5WIJRAPL,VISA VIP
1638,NZXL3H9AHPUU,VISA VIP
1639,W0Z1LDPX9AQ7,VISA VIP
1640,3XNVOTMRDGVJ,VISA VIP
1641,A2N7INVGXWNU,VISA VIP
1642,XTTUEL1F2FCL,VISA VIP
1643,78W1I2WGTPTS,VISA VIP
1644,VU4DSZ376DSF,VISA VIP
1645,W62Q4W08JJQ9,VISA VIP
1646,0W7LDDQT9W26,VISA VIP
1647,U4CSFBD9QS8D,VISA VIP
1648,IV818CDRH0UM,VISA VIP
1649,H0BGB6THMGSD,VISA VIP
1650,WJKLB9356K6X,VISA VIP
1651,I5BX07E64PJH,VISA VIP
1652,RMRDH06QGS2S,VISA VIP
1653,J26ENRFLLYPQ,VISA VIP
1654,SCAFPQC0WF5Z,VISA VIP
1655,NBGKG1IWB0Z7,VISA VIP
1656,2IMIXSUC2FZZ,VISA VIP
1657,L6R59Q0X4FSR,VISA VIP
1658,DMBIZ8817OPD,VISA VIP
1659,9PQ8669NSXNT,VISA VIP
1660,A11CEJ7ZAJ2F,VISA VIP
1661,YHYYQO7OQN27,VISA VIP
1662,9ZYSXH7QBXFG,VISA VIP
1663,6XB4S8LMF4WX,VISA VIP
1664,7DJ79MDU31XN,VISA VIP
1665,FS1RJKHHSEPS,VISA VIP
1666,PYMF3WXFITIA,VISA VIP
1667,BZLWKYCTTYO5,VISA VIP
1668,12RVH6DUXBIK,VISA VIP
1669,8URPS4ZVPIWQ,VISA VIP
1670,2OEXT8TCFITK,VISA VIP
1671,PS9WLEGL963E,VISA VIP
1672,QZEG7QLGWWB3,VISA VIP
1673,1OSUD5XEG9BZ,VISA VIP
1674,K39H9L60CZ0J,VISA VIP
1675,6YSFP8OC6XQ7,VISA VIP
1676,70Y3WV8EB9IF,VISA VIP
1677,M6TM1SFC9LYT,VISA VIP
1678,498U2CO34COA,VISA VIP
1679,QMIV9QHHFHC7,VISA VIP
1680,44VS7415JADT,VISA VIP
1681,H68DU39ZWM43,Test Comps
1682,XFT2QAGPJA93,Test Comps
1683,WGAQ9534KTJC,Test Comps
1684,C0D9K7SE5Q3E,Test Comps
1685,49D0H7N5X6JB,Test Comps
1686,B7AONX8CVJ0D,Test Comps
1687,KKLGW3CEGQ7L,Test Comps
1688,S63K1WQIGJTN,Test Comps
